"","OE","DE-Prog","IK/EK","OEE","SR-1","SR-2","SI-1","SI-2","SI-3","PA-1","PA-2","AM-1","AM-2"
"1","cornification","cell differentiation","anatomical structure development","response to oxygen-containing compound","cellular response to endogenous stimulus","neurogenesis","protein folding in endoplasmic reticulum","cell-substrate adherens junction assembly","actin cytoskeleton organization","generation of neurons","diadenosine polyphosphate catabolic process","extracellular structure organization","amelogenesis"
"2","keratinization","multicellular organism development","multicellular organism development","response to organic substance","cellular response to organic substance","generation of neurons","symbiont process","focal adhesion assembly","actin filament-based process","neuron differentiation","negative regulation of nitrogen compound metabolic process","anatomical structure morphogenesis","system development"
"3","keratinocyte differentiation","system development","tissue morphogenesis","response to lipid","response to endogenous stimulus","nervous system development","interspecies interaction between organisms","adherens junction organization","cytoskeleton organization","neurogenesis","negative regulation of cellular process","system development","odontogenesis of dentin-containing tooth"
"4","epidermal cell differentiation","cellular developmental process","developmental process","cellular response to chemical stimulus","cellular response to chemical stimulus","cell adhesion","regulation of biological quality","adherens junction assembly","actin filament organization","nervous system development","diadenosine polyphosphate metabolic process","developmental process","odontogenesis"
"5","epidermis development","anatomical structure development","kidney epithelium development","response to chemical","enzyme linked receptor protein signaling pathway","biological adhesion","regulation of protein transport","axonogenesis","supramolecular fiber organization","neuron development","positive regulation of RIG-I signaling pathway","odontogenesis","multicellular organism development"
"6","skin development","developmental process","renal system development","response to ketone","dedifferentiation","neuron differentiation","regulation of peptide transport","cell-substrate junction assembly","response to cortisol","multicellular organism development","negative regulation of macromolecule metabolic process","multicellular organism development","hemidesmosome assembly"
"7","epithelial cell differentiation","tissue development","system development","cellular response to oxygen-containing compound","cell dedifferentiation","neuron projection development","maintenance of protein location","axon development","regulation of actin filament-based process","system development","negative regulation of cellular metabolic process","odontogenesis of dentin-containing tooth","animal organ morphogenesis"
"8","epithelium development","cellular component organization","morphogenesis of an epithelium","cell development","cell surface receptor signaling pathway","cell development","viral process","regulation of smooth muscle contraction","establishment or maintenance of cell polarity","neuron projection morphogenesis","negative regulation of macromolecule biosynthetic process","anatomical structure development","anatomical structure morphogenesis"
"9","tissue development","cell-cell adhesion","urogenital system development","peptidyl-lysine hydroxylation","cellular response to nitrogen compound","neuron development","regulation of establishment of protein localization","muscle system process","regulation of actin cytoskeleton organization","plasma membrane bounded cell projection morphogenesis","negative regulation of cellular biosynthetic process","extracellular matrix organization","developmental process"
"10","cell death","movement of cell or subcellular component","multicellular organismal process","endoplasmic reticulum unfolded protein response","response to organic substance","anatomical structure morphogenesis","protein stabilization","regulation of cell projection organization","positive regulation of actin filament bundle assembly","cell projection morphogenesis","response to laminar fluid shear stress","cellular developmental process","cell differentiation"
"11","programmed cell death","animal organ development","endochondral bone growth","response to drug","collagen-activated tyrosine kinase receptor signaling pathway","cellular developmental process","posttranscriptional regulation of gene expression","regulation of focal adhesion assembly","regulation of smooth muscle cell migration","cell development","negative regulation of biosynthetic process","multicellular organismal process","anatomical structure formation involved in morphogenesis"
"12","cell differentiation","cellular component organization or biogenesis","morphogenesis of a branching structure","central nervous system development","response to chemical","neuron projection morphogenesis","cellular response to chemical stimulus","regulation of cell-substrate junction assembly","regulation of actin filament organization","cell part morphogenesis","negative regulation of metabolic process","cell morphogenesis","enamel mineralization"
"13","cellular developmental process","multicellular organismal process","anatomical structure morphogenesis","response to estradiol","movement of cell or subcellular component","neuron recognition","positive regulation of protein transport","cell junction organization","negative regulation of cell migration","neuron projection development","negative regulation of biological process","cellular component morphogenesis","cellular developmental process"
"14","intermediate filament cytoskeleton organization","epidermis development","bone growth","cellular response to unfolded protein","cellular response to growth factor stimulus","plasma membrane bounded cell projection morphogenesis","maintenance of protein location in cell","regulation of muscle system process","smooth muscle cell migration","positive regulation of neurogenesis","cytoplasmic pattern recognition receptor signaling pathway","tissue development","anatomical structure development"
"15","intermediate filament-based process","cell motility","kidney development","response to inorganic substance","collagen-activated signaling pathway","regulation of cell development","cellular response to interleukin-4","muscle contraction","CD4-positive or CD8-positive, alpha-beta T cell lineage commitment","cell morphogenesis involved in neuron differentiation","regulation of RIG-I signaling pathway","ossification","transmembrane receptor protein tyrosine kinase signaling pathway"
"16","anatomical structure development","localization of cell","neuron projection morphogenesis","cellular response to lipid","cellular response to organonitrogen compound","cell projection morphogenesis","response to interleukin-4","regulation of adherens junction organization","negative regulation of cell motility","axonogenesis","negative regulation of cellular macromolecule biosynthetic process","animal organ development","tooth mineralization"
"17","multicellular organism development","locomotion","plasma membrane bounded cell projection morphogenesis","nervous system development","blood vessel development","cell part morphogenesis","cellular response to organic substance","cell morphogenesis involved in neuron differentiation","cell morphogenesis involved in differentiation","anatomical structure morphogenesis","negative regulation of nucleobase-containing compound metabolic process","cell differentiation","tripeptide transmembrane transport"
"18","developmental process","cell migration","cell projection morphogenesis","tissue development","regulation of biological process","forebrain development","positive regulation of establishment of protein localization","system development","ameboidal-type cell migration","anatomical structure development","regulation of viral-induced cytoplasmic pattern recognition receptor signaling pathway","cell-substrate adhesion","regulation of enamel mineralization"
"19","animal organ development","epithelial cell differentiation","appendage morphogenesis","epithelial cell proliferation","cellular response to transforming growth factor beta stimulus","regulation of cell differentiation","telomere maintenance via telomere lengthening","regulation of muscle contraction","cellular component morphogenesis","axon development","regulation of cellular process","cell adhesion","oligopeptide import across plasma membrane"
"20","peptide cross-linking","skin development","limb morphogenesis","relaxation of cardiac muscle","tissue development","multicellular organism development","maintenance of location in cell","cell junction assembly","retrograde axonal transport","receptor localization to synapse","cellular response to stimulus","biological adhesion","dipeptide import across plasma membrane"
"21","system development","hemidesmosome assembly","branching morphogenesis of an epithelial tube","cellular response to topologically incorrect protein","response to growth factor","central nervous system development","response to organic substance","regulation of multicellular organismal process","regulation of establishment of cell polarity","regulation of neuron differentiation","response to stimulus","reverse cholesterol transport","animal organ development"
"22","regulation of endopeptidase activity","regulation of multicellular organismal development","tissue development","gland development","transmembrane receptor protein tyrosine kinase signaling pathway","system development","programmed cell death","neuron projection morphogenesis","regulation of response to wounding","positive regulation of nervous system development","RIG-I signaling pathway","locomotion","tripeptide transport"
"23","multicellular organismal process","cornification","cell part morphogenesis","brain development","negative regulation of multicellular organismal process","brain development","multi-organism process","axon guidance","negative regulation of smooth muscle cell migration","regulation of neurogenesis","regulation of signal transduction","skeletal system development","neuron projection development"
"24","regulation of peptidase activity","cell development","nervous system development","rhythmic process","response to transforming growth factor beta","cell morphogenesis","response to chemical","neuron projection guidance","muscle cell migration","positive regulation of cell development","mitotic sister chromatid cohesion","regulation of anatomical structure morphogenesis","dipeptide transmembrane transport"
"25","negative regulation of endopeptidase activity","regulation of developmental process","ureteric bud development","protein metabolic process","vasculature development","regulation of multicellular organismal development","response to unfolded protein","plasma membrane bounded cell projection morphogenesis","cell adhesion","negative regulation of neuron differentiation","regulation of biological process","movement of cell or subcellular component","dipeptide transport"
"26","negative regulation of peptidase activity","nervous system development","mesonephric epithelium development","negative regulation of cell cycle arrest","cardiovascular system development","anatomical structure development","cytoskeleton organization","cell projection morphogenesis","T cell lineage commitment","cell differentiation","cytoplasmic pattern recognition receptor signaling pathway in response to virus","regulation of developmental process","actin cytoskeleton organization"
"27","wound healing","response to water","mesonephric tubule development","response to endoplasmic reticulum stress","response to oxygen-containing compound","plasma membrane bounded cell projection organization","organelle organization","regulation of plasma membrane bounded cell projection organization","epithelial cell migration","developmental process","negative regulation of DNA replication","blood vessel development","enzyme linked receptor protein signaling pathway"
"28","neutrophil degranulation","neurogenesis","cell morphogenesis involved in neuron differentiation","cellular response to organic substance","cellular response to stimulus","cell differentiation","morphogenesis of an epithelium","regulation of cell junction assembly","biological adhesion","cell morphogenesis involved in differentiation","response to fluid shear stress","tube morphogenesis","tissue development"
"29","neutrophil activation involved in immune response","keratinization","mesonephros development","response to unfolded protein","cell motility","regulation of nervous system development","regulation of protein stability","cell part morphogenesis","epithelium migration","motor neuron axon guidance","regulation of DNA replication","cell motility","genitalia morphogenesis"
"30","neutrophil mediated immunity","generation of neurons","regulation of nervous system development","negative regulation of cell cycle","localization of cell","head development","virion attachment to host cell","smooth muscle contraction","regulation of establishment or maintenance of cell polarity","regulation of nervous system development","negative regulation of nucleic acid-templated transcription","localization of cell","regulation of tooth mineralization"
"31","neutrophil activation","epithelium development","appendage development","cell cycle process","circulatory system development","cell projection organization","positive regulation of transport","regulation of system process","tissue migration","regulation of cell development","negative regulation of RNA biosynthetic process","vasculature development","neuron development"
"32","granulocyte activation","cell adhesion","limb development","cellular protein metabolic process","cellular response to oxygen-containing compound","regulation of developmental process","cellular component organization","regulation of axonogenesis","regulation of small GTPase mediated signal transduction","negative regulation of neuron projection development","biological regulation","cardiovascular system development","oligopeptide transmembrane transport"
"33","antimicrobial humoral response","biological adhesion","regulation of synapse assembly","head development","cell migration","regulation of neurogenesis","regulation of DNA biosynthetic process","cell morphogenesis involved in differentiation","negative regulation of cellular component movement","cellular component morphogenesis","positive regulation of pri-miRNA transcription by RNA polymerase II","regulation of multicellular organismal process","plasma membrane bounded cell projection organization"
"34","leukocyte degranulation","regulation of synapse organization","morphogenesis of a branching epithelium","anion transport","extracellular matrix organization","cellular component morphogenesis","ATF6-mediated unfolded protein response","nervous system development","negative regulation of locomotion","axonogenesis involved in innervation","positive regulation of response to biotic stimulus","regulation of odontogenesis","actin filament-based process"
"35","regulation of microvillus assembly","cytoskeleton organization","neuron development","epithelium development","regulation of cellular process","movement of cell or subcellular component","sequestering of actin monomers","cytoplasm organization","negative regulation of plasma membrane bounded cell projection assembly","cellular developmental process","signal transduction","odontoblast differentiation","oligopeptide transport"
"36","bundle of His cell-Purkinje myocyte adhesion involved in cell communication","anatomical structure morphogenesis","embryonic skeletal system development","fatty acid transport","negative regulation of developmental process","cell recognition","positive regulation of gastrulation","detection of mechanical stimulus","cell-substrate junction assembly","plasma membrane bounded cell projection organization","cellular macromolecule metabolic process","negative regulation of amyloid fibril formation","cell projection organization"
"37","leukocyte activation involved in immune response","regulation of multicellular organismal process","epithelium development","macromolecule modification","negative regulation of biological process","positive regulation of neuron projection development","secretion","growth","response to wounding","axon guidance","regulation of response to biotic stimulus","cell migration","lateral sprouting from an epithelium"
"38","cell activation involved in immune response","regulation of synapse structure or activity","neuron differentiation","response to antibiotic","response to amino acid","cell morphogenesis involved in neuron differentiation","response to topologically incorrect protein","regulation of cell-matrix adhesion","cell morphogenesis","neuron projection guidance","clathrin-dependent endocytosis","cell morphogenesis involved in differentiation","multicellular organismal process"
"39","myeloid cell activation involved in immune response","myoblast fusion involved in skeletal muscle regeneration","embryonic morphogenesis","protein hydroxylation","regulation of response to stimulus","developmental process","regulation of protein secretion","regulation of developmental growth","regulation of cell-substrate adhesion","negative regulation of neurogenesis","negative regulation of RNA metabolic process","circulatory system development","epidermis development"
"40","myeloid leukocyte mediated immunity","actin filament bundle assembly","animal organ morphogenesis","carboxylic acid transport","regulation of developmental process","positive regulation of developmental process","cell death","multicellular organism development","regulation of actin filament bundle assembly","cell projection organization",NA,"biomineral tissue development","neurogenesis"
"41","response to wounding","retinoid metabolic process","epithelial tube morphogenesis","developmental growth","negative regulation of cellular protein metabolic process","regulation of neuron projection development","maintenance of location","cell-matrix adhesion","positive T cell selection","negative regulation of cell differentiation",NA,"blood vessel morphogenesis","regulation of odontogenesis of dentin-containing tooth"
"42","sequestering of zinc ion","epidermal cell differentiation","tube development","organic anion transport","extracellular structure organization","axon development","adhesion of symbiont to host cell","cell projection organization","negative regulation of insulin receptor signaling pathway","regulation of cell differentiation",NA,"anatomical structure formation involved in morphogenesis","cell migration"
"43","cardiac muscle cell-cardiac muscle cell adhesion","actin filament bundle organization","canonical Wnt signaling pathway","organic acid transport","cell adhesion","regulation of neuron differentiation","regulation of protein localization","positive regulation of cellular process","regulation of cell adhesion","regulation of plasma membrane bounded cell projection organization",NA,"regulation of cellular component organization","extracellular matrix organization"
"44","cell-cell adhesion","diterpenoid metabolic process","neurogenesis","response to topologically incorrect protein","biological adhesion","multicellular organismal process","positive regulation of neural precursor cell proliferation","developmental growth","negative regulation of cellular response to insulin stimulus","cell morphogenesis",NA,"regulation of cell morphogenesis","cell development"
"45","negative regulation of hydrolase activity","response to hydrostatic pressure","cell morphogenesis involved in differentiation","spinal cord development","cellular response to amino acid stimulus","positive regulation of cell differentiation","tissue development","positive regulation of macromolecule metabolic process","regulation of supramolecular fiber organization","negative regulation of cell morphogenesis involved in differentiation",NA,"connective tissue development","import into cell"
"46","autocrine signaling","regulation of cell-cell adhesion","cell surface receptor signaling pathway involved in cell-cell signaling","epithelial cell differentiation","response to nitrogen compound","cell-cell adhesion","adhesion of symbiont to host","detection of external stimulus","muscle filament sliding","regulation of cell projection organization",NA,"cell development","cellular component organization"
"47","cytoskeleton organization","terpenoid metabolic process","cellular component morphogenesis","liver regeneration","anatomical structure morphogenesis","regulation of multicellular organismal process","cellular protein localization","multicellular organismal process","actin-myosin filament sliding","central nervous system neuron differentiation",NA,"epithelial cell morphogenesis","morphogenesis of a polarized epithelium"
"48","antimicrobial humoral immune response mediated by antimicrobial peptide","central nervous system development","embryonic digestive tract development","cellular protein modification process","locomotion","regulation of plasma membrane bounded cell projection organization","regulation of peptide secretion","neuron projection development","positive regulation of cytoskeleton organization","negative regulation of cell projection organization",NA,"angiogenesis","biomineral tissue development"
"49","exocytosis","leukocyte migration","developmental growth","protein modification process","regulation of multicellular organismal process","cell-cell adhesion via plasma-membrane adhesion molecules","regulation of mRNA metabolic process","positive regulation of biological process","regulation of cell migration","regulation of multicellular organismal development",NA,"neuron projection development","nervous system development"
"50","negative regulation of proteolysis","neuron differentiation","generation of neurons","response to organic cyclic compound","negative regulation of cellular process","regulation of cell projection organization","cellular macromolecule localization","detection of abiotic stimulus","cell part morphogenesis","negative regulation of axon extension",NA,"regulation of cell proliferation","cell morphogenesis involved in differentiation"
"51","myeloid leukocyte activation","myotube differentiation involved in skeletal muscle regeneration","regulation of multicellular organismal process","response to acid chemical","cellular component organization or biogenesis","telencephalon development","actin filament-based process","regulation of growth","endothelial cell migration","negative regulation of nervous system development",NA,"cell projection morphogenesis","generation of neurons"
"52","regulation of microvillus organization","regulation of cell differentiation","Wnt signaling pathway","post-translational protein modification","negative regulation of protein metabolic process","positive regulation of neuron differentiation","secretion by cell","detection of mechanical stimulus involved in sensory perception of pain","regulation of cytoskeleton organization","heterophilic cell-cell adhesion via plasma membrane cell adhesion molecules",NA,"cell projection organization","cellular component morphogenesis"
"53","sequestering of metal ion","supramolecular fiber organization","cell-cell signaling by wnt","response to toxic substance","multicellular organismal process","axonogenesis","cellular component organization or biogenesis","neurogenesis","regulation of cell motility","negative chemotaxis",NA,"regulation of amyloid fibril formation","cellular component organization or biogenesis"
"54","heterotypic cell-cell adhesion","glycosaminoglycan biosynthetic process","regulation of neurogenesis","relaxation of muscle","biological regulation","central nervous system neuron differentiation","positive regulation of keratinocyte proliferation","epithelial cell-cell adhesion","cell junction assembly","regulation of anatomical structure morphogenesis",NA,"cell part morphogenesis","extracellular structure organization"
"55","positive regulation of vesicle fusion","actomyosin structure organization","organ growth","regulation of epithelial cell proliferation","signal transduction","cell morphogenesis involved in differentiation","establishment of protein localization","cell development","blood vessel endothelial cell migration","multicellular organismal process",NA,"animal organ morphogenesis","locomotion"
"56","leukocyte migration involved in inflammatory response","regulation of modification of postsynaptic structure","neuron projection development","cell aging","regulation of biological quality","positive regulation of cell projection organization","neuron death","positive regulation of cell projection organization","movement of cell or subcellular component","negative regulation of cell development",NA,"cartilage development","cell morphogenesis involved in neuron differentiation"
"57","protein nitrosylation","keratinocyte differentiation","mesenchyme development","fatty-acyl-CoA biosynthetic process","regulation of protein tyrosine phosphatase activity","locomotion","regulation of actin cytoskeleton organization","cell differentiation","striated muscle cell differentiation","neuron recognition",NA,"cell proliferation","cell motility"
"58","peptidyl-cysteine S-nitrosylation","contractile actin filament bundle assembly","kidney morphogenesis","epithelial cell development","cellular component organization","presynaptic membrane assembly","developmental process involved in reproduction","system process","response to glucocorticoid","negative regulation of developmental process",NA,"tube development","localization of cell"
"59","leukocyte aggregation","stress fiber assembly","axon guidance","antigen processing and presentation","growth","positive regulation of nervous system development","maintenance of protein localization in endoplasmic reticulum","positive regulation of gene expression","negative regulation of GTPase activity","axon extension",NA,"cellular component organization","neuron differentiation"
"60","bundle of His cell to Purkinje myocyte communication","synapse organization","bone morphogenesis","endothelial cell differentiation","regulation of signal transduction","presynaptic membrane organization","atrial septum morphogenesis","plasma membrane bounded cell projection organization","T cell selection","positive regulation of circadian rhythm",NA,"molting cycle","regulation of epidermal growth factor receptor signaling pathway"
"61","regulation of ventricular cardiac muscle cell action potential","aminoglycan biosynthetic process","neuron projection guidance","regulation of cardiac muscle cell contraction","response to stimulus","positive regulation of cell development","cellular response to drug","generation of neurons","regulation of extrinsic apoptotic signaling pathway in absence of ligand","positive regulation of synaptic vesicle transport",NA,"hair cycle","regulation of ERBB signaling pathway"
"62","cell adhesion","cell junction organization","gastrulation","organonitrogen compound metabolic process","negative regulation of cellular response to growth factor stimulus","chemotaxis","negative regulation of actin filament polymerization","chemotaxis","muscle system process","neural crest cell migration",NA,"regulation of multicellular organismal development","regulation of odontogenesis"
"63","biological adhesion","regulation of cellular component organization","specification of animal organ identity","reproductive process","response to organonitrogen compound","taxis","tissue morphogenesis","cellular component morphogenesis","thymus development","ganglion development",NA,"neurogenesis","axonogenesis"
"64","chronic inflammatory response","isoprenoid metabolic process","positive regulation of nervous system development","reproduction","cellular developmental process","artery development","protein localization","taxis","regulation of lamellipodium organization","neurotransmitter-gated ion channel clustering",NA,"regulation of neuron death","positive regulation of synaptic transmission, glutamatergic"
"65","microvillus assembly","T cell costimulation","mammary gland formation","sensory organ development","astrocyte development","animal organ morphogenesis","cellular response to cytokine stimulus","regulation of cell development",NA,"developmental growth involved in morphogenesis",NA,"genitalia morphogenesis","cell-substrate junction assembly"
"66","leukocyte mediated immunity","lymphocyte costimulation","embryo development","heart development","negative regulation of cell differentiation","positive regulation of neurogenesis","chromosome organization","neuron development",NA,"central nervous system development",NA,"regulation of epithelial cell proliferation involved in prostate gland development","cell morphogenesis"
"67","immune effector process","cardiac conduction system development","cell morphogenesis","positive regulation of organic acid transport","animal organ development","negative chemotaxis","neuron apoptotic process","regulation of cell differentiation",NA,"positive regulation of neuron differentiation",NA,"regulation of tooth mineralization","neuron projection morphogenesis"
"68","regulation of proteolysis","neuron development","regulation of canonical Wnt signaling pathway","regulation of actin filament-based movement","anatomical structure development","tube development","DNA metabolic process","positive regulation of metabolic process",NA,"cell proliferation in external granule layer",NA,"negative regulation of neuron death","plasma membrane bounded cell projection morphogenesis"
"69","cell activation","actin filament-based process","tube morphogenesis","positive regulation of protein localization to membrane","collagen metabolic process","neuron cell-cell adhesion","negative regulation of protein complex assembly","cellular developmental process",NA,"cerebellar granule cell precursor proliferation",NA,"positive regulation of supramolecular fiber organization","cell projection morphogenesis"
"70","defense response to bacterium","regulation of RNA polymerase II transcriptional preinitiation complex assembly","regulation of multicellular organismal development","fatty-acyl-CoA metabolic process","regulation of cell differentiation","pallium development","cellular response to antibiotic","anatomical structure development",NA,"regulation of neuron projection development",NA,"positive regulation of cellular component organization","membrane organization"
"71","defense response to fungus","regulation of modification of synaptic structure","synapse assembly","cell morphogenesis involved in differentiation","substrate adhesion-dependent cell spreading","axon guidance","regulation of transmembrane receptor protein serine/threonine kinase signaling pathway","cell adhesion",NA,"cell proliferation in hindbrain",NA,"negative regulation of cell development","axon development"
"72","regulated exocytosis","immune system process","regulation of cell proliferation in bone marrow","cell cycle","collagen biosynthetic process","neuron projection guidance","negative regulation of endoplasmic reticulum unfolded protein response","movement of cell or subcellular component",NA,"protein localization to synapse",NA,"epithelial cell proliferation involved in prostate gland development","cell part morphogenesis"
"73","humoral immune response","odontogenesis","positive regulation of cell proliferation in bone marrow","endothelium development","regulation of cellular component organization","aorta development","positive regulation of chromosome separation","positive regulation of axonogenesis",NA,"dendrite morphogenesis",NA,"negative regulation of cellular component organization","regulation of cofactor metabolic process"
"74","secretion by cell","glycosaminoglycan catabolic process","chondrocyte differentiation","growth","skin development","positive regulation of multicellular organismal process","establishment of cell polarity","biological adhesion",NA,"positive regulation of cell projection organization",NA,"regulation of cell development","epidermal growth factor receptor signaling pathway"
"75","immune response","aminoglycan catabolic process","synapse organization","cardiac muscle contraction","negative regulation of osteoblast differentiation","cerebral cortex development","regulation of cellular component movement","neuron differentiation",NA,"positive regulation of neuron migration",NA,"negative regulation of developmental process","regulation of cellular component organization"
"76","leukocyte activation","neuron projection development","nephron epithelium development","cell differentiation","coronary vasculature development","axonal fasciculation","apoptotic process","regulation of cytosolic calcium ion concentration",NA,"regulation of developmental process",NA,"high-density lipoprotein particle clearance","cell surface receptor signaling pathway"
"77","membrane raft organization","positive regulation of cell-cell adhesion","cell development","eye photoreceptor cell differentiation","cellular response to acid chemical","neuron projection fasciculation","mRNA metabolic process","ephrin receptor signaling pathway",NA,"hindbrain development",NA,"osteoblast differentiation","movement of cell or subcellular component"
"78","microvillus organization","cell junction assembly","cell proliferation in bone marrow","response to hydrogen peroxide","multicellular organism development","synapse organization","regulation of catabolic process","negative regulation of synapse organization",NA,"negative regulation of axonogenesis",NA,"nervous system development","establishment of planar polarity"
"79","intermediate filament organization","cell-cell adhesion via plasma-membrane adhesion molecules","stem cell division","liver development","endoderm formation","tube morphogenesis","positive regulation of cell migration","regulation of cell morphogenesis involved in differentiation",NA,"localization within membrane",NA,"cell-matrix adhesion","establishment of tissue polarity"
"80","regulation of cardiac muscle cell action potential","regulation of T cell proliferation","regulation of anatomical structure morphogenesis","regulation of cell cycle","skin morphogenesis","animal organ development","regulation of cell killing","regulation of multicellular organismal development",NA,"astrocyte differentiation",NA,"negative regulation of apoptotic signaling pathway","Rac protein signal transduction"
"81","regulation of hydrolase activity","modification of postsynaptic structure","glandular epithelial cell differentiation","hepaticobiliary system development","signaling","osteoblast differentiation","response to salt","negative regulation of cell projection organization",NA,"vesicle cytoskeletal trafficking",NA,"neuron development","endodermal cell differentiation"
"82","cellular zinc ion homeostasis","glycosaminoglycan metabolic process","negative chemotaxis","negative regulation of multicellular organismal process","cell communication","aortic valve morphogenesis","positive regulation of neuron migration","hematopoietic stem cell proliferation",NA,"animal organ development",NA,"cellular component organization or biogenesis","genitalia development"
"83","regulation of vesicle fusion","actin cytoskeleton organization","mammary gland morphogenesis","neurogenesis","regulation of cell motility","cellular component organization","protein transport","negative regulation of cell development",NA,"neural crest cell development",NA,"plasma membrane bounded cell projection organization","regulation of animal organ morphogenesis"
"84","granulocyte chemotaxis","cellular response to low-density lipoprotein particle stimulus","animal organ development","histone ubiquitination","system development","cell fate commitment","cellular response to growth factor stimulus","positive regulation of nitrogen compound metabolic process",NA,"central nervous system neuron development",NA,"neuron death","keratinocyte proliferation"
"85","zinc ion homeostasis","cell surface receptor signaling pathway","branching morphogenesis of a nerve","coronary vasculature development","collagen fibril organization","circulatory system development","placenta development","cellular response to hormone stimulus",NA,"neuron projection extension",NA,"endothelial cell morphogenesis","nicotinamide nucleotide biosynthetic process"
"86","ventricular cardiac muscle cell action potential","aminoglycan metabolic process","regulation of cell development","cochlea development","regulation of osteoblast differentiation","Roundabout signaling pathway","positive regulation of DNA biosynthetic process","cell growth",NA,"axonal fasciculation",NA,"positive regulation by host of viral process","pyridine nucleotide biosynthetic process"
"87","bone cell development","myoblast differentiation","growth","negative regulation of cell migration","osteoblast differentiation","anatomical structure formation involved in morphogenesis","regulation of macromolecule biosynthetic process","cell-cell adhesion",NA,"branching involved in salivary gland morphogenesis",NA,"regulation of neurogenesis","ERBB signaling pathway"
"88","secretion","cellular component assembly","digestive tract development",NA,"mesenchymal cell differentiation","regulation of anatomical structure morphogenesis","telomere maintenance","positive regulation of RNA metabolic process",NA,"neuron projection fasciculation",NA,"regulation of binding","cellular modified amino acid biosynthetic process"
"89","response to fungus","regulation of nuclease activity","plasma membrane bounded cell projection organization",NA,"cell growth","homophilic cell adhesion via plasma membrane adhesion molecules","positive regulation of protein secretion","cell morphogenesis",NA,"mesenchymal cell development",NA,"regulation of supramolecular fiber organization","pyridine-containing compound biosynthetic process"
"90","regulation of cardiac muscle cell contraction","negative regulation of myoblast differentiation","positive regulation of neurogenesis",NA,"negative regulation of angiogenesis","positive regulation of cell morphogenesis involved in differentiation","regulation of apoptotic process","Ras protein signal transduction",NA,"stem cell development",NA,"high-density lipoprotein particle remodeling","import across plasma membrane"
"91","regulation of heart rate by cardiac conduction","actin filament organization","mesoderm development",NA,"negative regulation of transmembrane receptor protein serine/threonine kinase signaling pathway","central nervous system neuron development","atrial cardiac muscle cell action potential","negative regulation of cell morphogenesis involved in differentiation",NA,"positive regulation of cell differentiation",NA,"regulation of odontogenesis of dentin-containing tooth","axon guidance"
"92","immune system process","brain development","embryonic limb morphogenesis",NA,"response to acid chemical","aortic valve development","atrial cardiac muscle cell to AV node cell signaling","regulation of neuron differentiation",NA,"neural crest cell differentiation",NA,"negative regulation of multicellular organismal process","neuron projection guidance"
"93","astrocyte development","regulation of leukocyte cell-cell adhesion","embryonic appendage morphogenesis",NA,"transmembrane receptor protein serine/threonine kinase signaling pathway","skeletal system development","atrial cardiac muscle cell to AV node cell communication","regulation of cell morphogenesis",NA,"regulation of cell morphogenesis involved in differentiation",NA,"regulation of neuron projection development","carboxylic acid transmembrane transport"
"94","granulocyte migration","cell morphogenesis involved in differentiation","regulation of synapse organization",NA,"negative regulation of blood vessel morphogenesis","postsynaptic density organization","negative regulation of macromolecule metabolic process","anatomical structure morphogenesis",NA,"regulation of axonogenesis",NA,"regulation of amyloid-beta clearance",NA
"95","modification of morphology or physiology of other organism","regulation of nervous system development","axonogenesis",NA,"cell-substrate adhesion","neuron migration","regulation of actin filament-based process","regulation of cell-substrate adhesion",NA,"negative regulation of axon extension involved in axon guidance",NA,"negative regulation of amyloid-beta formation",NA
"96","skeletal muscle tissue regeneration","extracellular structure organization","branching involved in ureteric bud morphogenesis",NA,"regulation of cell communication","tissue development","supramolecular fiber organization","cell-substrate adhesion",NA,"innervation",NA,"negative regulation of cell proliferation",NA
"97","regulation of actin filament-based movement","appendage development","cell projection organization",NA,"cellular macromolecule metabolic process","axon choice point recognition","macromolecule localization","regulation of cell adhesion",NA,"neuron projection arborization",NA,"plasma membrane bounded cell projection morphogenesis",NA
"98","interleukin-12-mediated signaling pathway","limb development","cell differentiation involved in kidney development",NA,"positive regulation by host of viral process","vocal learning","positive regulation of cell motility","regulation of neuron projection development",NA,"establishment of vesicle localization",NA,"negative regulation of supramolecular fiber organization",NA
"99","negative regulation of catalytic activity","positive regulation of activated T cell proliferation","regulation of synapse structure or activity",NA,"response to peptide","asymmetric neuroblast division","peptide transport","detection of mechanical stimulus involved in sensory perception",NA,"regulation of odontogenesis",NA,"endothelial cell development",NA
"100","cellular response to interleukin-12","modification of synaptic structure","digestive system development",NA,"response to estradiol","imitative learning","regulation of programmed cell death","integrin-mediated signaling pathway",NA,"regulation of axon extension",NA,"cellular response to growth factor stimulus",NA
"101","cell-cell adhesion via plasma-membrane adhesion molecules","cellular component morphogenesis","skeletal system development",NA,"cellular response to fibroblast growth factor stimulus","learned vocalization behavior or vocal learning","regulation of cell migration","regulation of extent of cell growth",NA,"embryonic hindlimb morphogenesis",NA,"regulation of plasma membrane bounded cell projection organization",NA
"102","response to interleukin-12","T cell proliferation","optic nerve development",NA,"epithelium development","positive regulation of heart induction","positive regulation of cellular amide metabolic process","cardiac atrium development",NA,"negative regulation of axon guidance",NA,"amyloid precursor protein metabolic process",NA
"103","negative regulation of hemopoiesis","plasma membrane bounded cell projection organization","regulation of neuron differentiation",NA,"positive regulation of signal transduction","cellular component organization or biogenesis","negative regulation of cellular macromolecule biosynthetic process","developmental cell growth",NA,"cytoskeleton-dependent intracellular transport",NA,"negative regulation of neuron projection development",NA
"104",NA,"regulation of T cell activation","regulation of Wnt signaling pathway",NA,"regulation of signaling","membrane assembly","regulation of cytoskeleton organization","negative regulation of developmental growth",NA,"vesicle localization",NA,"enamel mineralization",NA
"105",NA,"dendritic cell migration","embryonic digestive tract morphogenesis",NA,"regulation of locomotion","negative regulation of cellular process","response to growth factor","positive regulation of cellular metabolic process",NA,"regulation of cellular component movement",NA,"negative regulation of amyloid precursor protein catabolic process",NA
"106",NA,"intermediate filament organization","ureteric bud morphogenesis",NA,"developmental process","regulation of cation channel activity","negative regulation of protein polymerization","wound healing",NA,"branching involved in blood vessel morphogenesis",NA,"amyloid fibril formation",NA
"107",NA,"RNA polymerase II preinitiation complex assembly","nephron development",NA,"negative regulation of vasculature development","regulation of fibroblast growth factor receptor signaling pathway","telomere organization","epidermal growth factor receptor signaling pathway",NA,"positive regulation of filopodium assembly",NA,"supramolecular fiber organization",NA
"108",NA,"localization","mesonephric tubule morphogenesis",NA,"coronary vasculature morphogenesis","postsynaptic specialization organization","response to cytokine","negative regulation of organ growth",NA,"positive regulation of plasma membrane bounded cell projection assembly",NA,"regulation of cell projection organization",NA
"109",NA,"cell morphogenesis involved in neuron differentiation","axon development",NA,"platelet activation","semi-lunar valve development","negative regulation of cellular process","developmental growth involved in morphogenesis",NA,"regulation of multicellular organismal process",NA,"regulation of apoptotic signaling pathway",NA
"110",NA,"positive regulation of T cell proliferation","animal organ formation",NA,"response to fibroblast growth factor","regulation of presynapse assembly","positive regulation of cellular component movement","heart development",NA,"cerebellum development",NA,"negative regulation of release of cytochrome c from mitochondria",NA
"111",NA,"regulation of leukocyte migration","cranial skeletal system development",NA,"regulation of cellular component movement","neural tube closure","amide transport","negative regulation of growth",NA,"cerebellar Purkinje cell layer development",NA,"response to growth factor",NA
"112",NA,"cell projection organization","stem cell differentiation",NA,"cellular response to ammonium ion","luteolysis","protein secretion","axon extension",NA,"regulation of axon extension involved in axon guidance",NA,"negative regulation of neurogenesis",NA
"113",NA,"muscle structure development","positive regulation of cell development",NA,"cell morphogenesis","olfactory bulb interneuron development","atrial septum development","stem cell proliferation",NA,"vesicle-mediated transport in synapse",NA,"regulation of sister chromatid cohesion",NA
"114",NA,"head development","mesoderm formation",NA,"G protein-coupled acetylcholine receptor signaling pathway","corticospinal tract morphogenesis","hepatocyte proliferation","peptidyl-tyrosine autophosphorylation",NA,"salivary gland morphogenesis",NA,"positive regulation of binding",NA
"115",NA,"positive regulation of T cell activation","chondrocyte proliferation",NA,"regulation of multicellular organismal development","negative regulation of chemokine-mediated signaling pathway","epithelial cell proliferation involved in liver morphogenesis","developmental process",NA,"mesenchymal cell differentiation",NA,"regulation of nervous system development",NA
"116",NA,"response to lipoprotein particle","vocalization behavior",NA,"animal organ morphogenesis","observational learning","reproductive structure development","negative regulation of developmental process",NA,"regulation of circadian rhythm",NA,"negative regulation of cell death",NA
"117",NA,"regulation of lymphocyte proliferation","cell differentiation",NA,"wound healing","positive regulation of vascular endothelial growth factor signaling pathway","positive regulation of multicellular organismal process","cell proliferation",NA,"regulation of extent of cell growth",NA,"cholesterol transport",NA
"118",NA,"regulation of mononuclear cell proliferation","nephron tubule morphogenesis",NA,"negative regulation of macromolecule metabolic process","regulation of cell communication","negative regulation of nitrogen compound metabolic process","second-messenger-mediated signaling",NA,"metencephalon development",NA,"generation of neurons",NA
"119",NA,"leukocyte cell-cell adhesion","circulatory system development",NA,"ossification","tube closure","positive regulation of locomotion","cellular calcium ion homeostasis",NA,"negative regulation of developmental growth",NA,"modulation by host of viral process",NA
"120",NA,"hair follicle morphogenesis","mesoderm morphogenesis",NA,"astrocyte differentiation","regulation of presynapse organization","reproductive system development","regulation of developmental process",NA,"developmental cell growth",NA,"negative regulation of nervous system development",NA
"121",NA,"cell-substrate junction assembly","positive regulation of multicellular organismal process",NA,"positive regulation of NIK/NF-kappaB signaling","ossification","DNA conformation change","animal organ development",NA,"salivary gland development",NA,"tooth mineralization",NA
"122",NA,"response to chemical","nephron epithelium morphogenesis",NA,"mesenchyme development","negative regulation of multicellular organismal process","bone remodeling","positive regulation of smooth muscle cell migration",NA,"hindlimb morphogenesis",NA,"amelogenesis",NA
"123",NA,"cellular response to lipoprotein particle stimulus","positive regulation of transcription of Notch receptor target",NA,"regulation of cell migration","appendage development","positive regulation of secretion by cell","negative regulation of organelle assembly",NA,"axon extension involved in axon guidance",NA,"hair follicle development",NA
"124",NA,"negative regulation of protein binding","renal tubule morphogenesis",NA,"endoderm development","limb development","proteasome-mediated ubiquitin-dependent protein catabolic process","cytoskeleton organization",NA,"neuron projection extension involved in neuron projection guidance",NA,"regulation of neural precursor cell proliferation",NA
"125",NA,"regulation of cellular component movement","nephron morphogenesis",NA,"negative regulation of ossification","cellular response to growth factor stimulus","cellular response to endogenous stimulus","regulation of cell growth",NA,"postsynaptic membrane organization",NA,"regulation of cell morphogenesis involved in differentiation",NA
"126",NA,"regulation of protein binding","reproductive structure development",NA,"anatomical structure formation involved in morphogenesis","regulation of signaling","positive regulation of mitotic sister chromatid segregation","myelination",NA,"semaphorin-plexin signaling pathway",NA,"negative regulation of cell projection organization",NA
"127",NA,"muscle cell differentiation","reproductive system development",NA,"negative regulation of nitrogen compound metabolic process","membrane biogenesis","liver morphogenesis","calcium ion homeostasis",NA,"dendrite development",NA,"positive regulation of sterol transport",NA
"128",NA,"regulation of leukocyte proliferation","brain development",NA,"regulation of nitrogen compound metabolic process","primary neural tube formation","regulation of organelle organization","positive regulation of nucleobase-containing compound metabolic process",NA,"morphogenesis of an epithelium",NA,"positive regulation of cholesterol transport",NA
"129",NA,"actin cytoskeleton reorganization","chemotaxis",NA,"response to hormone","heart development","positive regulation of peptide secretion","ensheathment of neurons",NA,"regulation of axon guidance",NA,"molting cycle process",NA
"130",NA,"positive regulation of leukocyte cell-cell adhesion","taxis",NA,"regulation of macromolecule metabolic process","blood vessel development","negative regulation of macromolecule biosynthetic process","axon ensheathment",NA,"brain development",NA,"hair cycle process",NA
"131",NA,"epidermis morphogenesis","tongue development",NA,"cellular protein metabolic process","positive regulation of fibroblast growth factor receptor signaling pathway","response to endoplasmic reticulum stress","negative chemotaxis",NA,"movement of cell or subcellular component",NA,"positive regulation of histone modification",NA
"132",NA,"neuron projection morphogenesis","positive regulation of developmental process",NA,"macromolecule modification","regulation of heart induction","regulation of cellular response to growth factor stimulus","regulation of cellular component biogenesis",NA,"stem cell differentiation",NA,"skin epidermis development",NA
"133",NA,"regulation of transcription initiation from RNA polymerase II promoter","cell-cell signaling",NA,"positive regulation of insulin receptor signaling pathway","ventricular septum morphogenesis","cytoplasmic sequestering of protein","ERBB signaling pathway",NA,"regulation of neuron migration",NA,"regulation of cell differentiation",NA
"134",NA,"integrin-mediated signaling pathway","cellular developmental process",NA,"negative regulation of transforming growth factor beta receptor signaling pathway","synapse assembly","protein localization to cell junction","ameboidal-type cell migration",NA,"cell adhesion",NA,"protein-lipid complex remodeling",NA
"135",NA,"molting cycle","subpallium development",NA,"cell morphogenesis involved in differentiation","regulation of cellular response to growth factor stimulus","regulation of cell motility",NA,NA,"cell recognition",NA,"plasma lipoprotein particle remodeling",NA
"136",NA,"hair cycle","metanephros development",NA,"regulation of cellular response to stress","regulation of synapse assembly","negative regulation of cell death",NA,NA,"biological adhesion",NA,"neuron differentiation",NA
"137",NA,"positive regulation of MAPK cascade","cell adhesion",NA,"regulation of cellular response to growth factor stimulus","cell migration","positive regulation of chromosome organization",NA,NA,"chemotaxis",NA,"positive regulation of neurogenesis",NA
"138",NA,"Wnt signaling pathway","positive regulation of Wnt signaling pathway",NA,"cell differentiation","response to growth factor","regulation of secretion by cell",NA,NA,"exocrine system development",NA,"positive regulation of organelle organization",NA
"139",NA,"plasma membrane bounded cell projection morphogenesis","biological adhesion",NA,"negative regulation of cellular response to transforming growth factor beta stimulus","embryonic morphogenesis","regulation of cellular macromolecule biosynthetic process",NA,NA,"regulation of dendritic spine morphogenesis",NA,"regulation of ossification",NA
"140",NA,"cell-cell signaling by wnt","head development",NA,"adenylate cyclase-activating adrenergic receptor signaling pathway","calcium-dependent cell-cell adhesion via plasma membrane cell adhesion molecules","response to stress",NA,NA,"taxis",NA,"sterol transport",NA
"141",NA,"cellular component biogenesis","nephron tubule development",NA,"cellular component morphogenesis","negative regulation of nervous system development","nitrogen compound transport",NA,NA,"regulation of filopodium assembly",NA,"protein-containing complex remodeling",NA
"142",NA,"regulation of cell adhesion","outflow tract septum morphogenesis",NA,"positive regulation of cell communication","auditory behavior","negative regulation of mRNA metabolic process",NA,NA,NA,NA,"negative regulation of response to stimulus",NA
"143",NA,"cell projection morphogenesis","cartilage development",NA,"positive regulation of signaling","trans-synaptic signaling by trans-synaptic complex","regulation of cellular biosynthetic process",NA,NA,NA,NA,"modification of morphology or physiology of other organism involved in symbiotic interaction",NA
"144",NA,"myoblast fusion","regionalization",NA,"modulation by host of viral process","neural tube formation","regulation of mRNA stability",NA,NA,NA,NA,"regulation of hair cycle",NA
"145",NA,"transcription preinitiation complex assembly","regulation of developmental process",NA,"acetylcholine receptor signaling pathway","heterophilic cell-cell adhesion via plasma membrane cell adhesion molecules","adrenal gland development",NA,NA,NA,NA,"negative regulation of apoptotic process",NA
"146",NA,"axon development","renal tubule development",NA,"signal transduction involved in cellular response to ammonium ion","vasculature development","response to endogenous stimulus",NA,NA,NA,NA,"regulation of protein binding",NA
"147",NA,"regulation of binding","cell proliferation in forebrain",NA,"response to stress","cardiovascular system development","regulation of neural precursor cell proliferation",NA,NA,NA,NA,"positive regulation of microtubule polymerization",NA
"148",NA,"positive regulation of lipid kinase activity","central nervous system development",NA,"positive regulation of response to stimulus","regulation of cell morphogenesis involved in differentiation","peptide secretion",NA,NA,NA,NA,"embryonic forelimb morphogenesis",NA
"149",NA,"regulation of cell activation","bone development",NA,"positive regulation of cellular response to insulin stimulus","heart induction","regulation of morphogenesis of an epithelium",NA,NA,NA,NA,"negative regulation of intrinsic apoptotic signaling pathway in response to DNA damage",NA
"150",NA,"cell part morphogenesis","roof of mouth development",NA,"response to cAMP","olfactory bulb interneuron differentiation","positive regulation of cell differentiation",NA,NA,NA,NA,"chondrocyte differentiation",NA
"151",NA,"regulation of activated T cell proliferation","transcription by RNA polymerase II",NA,"response to acetylcholine","regulation of chemokine-mediated signaling pathway","DNA biosynthetic process",NA,NA,NA,NA,"regulation of neuron apoptotic process",NA
"152",NA,"endocytosis","developmental process involved in reproduction",NA,"cellular response to acetylcholine","asymmetric stem cell division","decidualization",NA,NA,NA,NA,"response to nutrient",NA
"153",NA,"skeletal muscle tissue regeneration","mesodermal cell differentiation",NA,"regulation of epithelial to mesenchymal transition","vascular endothelial growth factor signaling pathway","cell cycle process",NA,NA,NA,NA,"regulation of neuron differentiation",NA
"154",NA,"response to external stimulus","cartilage development involved in endochondral bone morphogenesis",NA,"transforming growth factor beta receptor signaling pathway","response to mechanical stimulus","positive regulation of secretion",NA,NA,NA,NA,"positive regulation of chromatin organization",NA
"155",NA,"extracellular matrix organization","epithelial tube branching involved in lung morphogenesis",NA,"adrenergic receptor signaling pathway","regulation of cation transmembrane transport","negative regulation of cellular biosynthetic process",NA,NA,NA,NA,"positive regulation of multicellular organism growth",NA
"156",NA,"viral process","cell communication",NA,"extracellular matrix assembly","regulation of cell-substrate adhesion","regulation of cellular component biogenesis",NA,NA,NA,NA,"neuron projection morphogenesis",NA
"157",NA,"negative regulation of T cell differentiation","basement membrane organization",NA,"negative regulation of cellular component movement","positive regulation of kinase activity","regulation of cell death",NA,NA,NA,NA,"regulation of epithelial cell proliferation",NA
"158",NA,"positive regulation of lymphocyte proliferation","negative regulation of neuron differentiation",NA,"regulation of primary metabolic process","heart valve morphogenesis","regulation of RNA stability",NA,NA,NA,NA,"regulation of mesenchymal cell proliferation",NA
"159",NA,"positive regulation of mononuclear cell proliferation","skeletal system morphogenesis",NA,"regulation of ossification","mechanosensory behavior","epithelium development",NA,NA,NA,NA,"regulation of amyloid-beta formation",NA
"160",NA,"regulation of macrophage migration","metanephros morphogenesis",NA,"DNA metabolic process","forebrain neuron differentiation","viral life cycle",NA,NA,NA,NA,"negative regulation of programmed cell death",NA
"161",NA,"lymphocyte proliferation","proximal/distal pattern formation",NA,"negative regulation of locomotion","presynapse assembly","cardiac atrium morphogenesis",NA,NA,NA,NA,"negative regulation of neuron differentiation",NA
"162",NA,"mononuclear cell proliferation","regulation of transcription, DNA-templated",NA,"negative regulation of response to stimulus","negative regulation of locomotion","cell-cell signaling involved in cardiac conduction",NA,NA,NA,NA,"epithelial cell development",NA
"163",NA,"regulation of DNA-templated transcription, initiation","mesenchymal cell differentiation",NA,"negative regulation of metabolic process","skeletal system morphogenesis","cell cycle",NA,NA,NA,NA,"amyloid-beta clearance",NA
"164",NA,"activated T cell proliferation","fibroblast growth factor receptor signaling pathway",NA,"endochondral ossification","protein localization to cell periphery","response to antibiotic",NA,NA,NA,NA,"endothelial cell differentiation",NA
"165",NA,"regulation of biological process","regulation of transcription by RNA polymerase II",NA,"replacement ossification","embryonic limb morphogenesis","response to drug",NA,NA,NA,NA,"negative regulation of cell differentiation",NA
"166",NA,"striated muscle cell differentiation","regulation of plasma membrane bounded cell projection organization",NA,"developmental growth","embryonic appendage morphogenesis","regulation of biosynthetic process",NA,NA,NA,NA,"negative regulation of signal transduction",NA
"167",NA,"positive regulation of cell adhesion","columnar/cuboidal epithelial cell differentiation",NA,"response to wounding","regulation of osteoblast differentiation","macromolecule catabolic process",NA,NA,NA,NA,"negative regulation of nitrogen compound metabolic process",NA
"168",NA,"regulation of cell development","mammary gland duct morphogenesis",NA,"regulation of NIK/NF-kappaB signaling","regulation of postsynaptic density assembly","response to stimulus",NA,NA,NA,NA,"positive regulation of microtubule polymerization or depolymerization",NA
"169",NA,"regulation of lymphocyte activation","positive regulation of neuron differentiation",NA,"negative regulation of cellular metabolic process","negative regulation of neuron migration","negative regulation of biosynthetic process",NA,NA,NA,NA,"negative regulation of protein metabolic process",NA
"170",NA,"syncytium formation by plasma membrane fusion","regulation of cell projection organization",NA,"regulation of cell-substrate adhesion","embryonic epithelial tube formation","regulation of locomotion",NA,NA,NA,NA,"negative regulation of molecular function",NA
"171",NA,"cell-cell fusion","formation of primary germ layer",NA,"regulation of growth","presynapse organization","interaction with host",NA,NA,NA,NA,"platelet degranulation",NA
"172",NA,"positive regulation of leukocyte proliferation","cell fate commitment",NA,"cellular response to vitamin","cell-substrate adhesion","negative regulation of neuron death",NA,NA,NA,NA,"positive regulation of cytoskeleton organization",NA
"173",NA,"growth","regulation of nucleic acid-templated transcription",NA,"cellular response to monoamine stimulus","cardiac muscle contraction","negative regulation of metabolic process",NA,NA,NA,NA,"positive regulation of multicellular organismal process",NA
"174",NA,"symbiont process","regulation of presynapse assembly",NA,"cellular response to catecholamine stimulus","regulation of cell morphogenesis","proteasomal protein catabolic process",NA,NA,NA,NA,"endothelial cell migration",NA
"175",NA,"kidney epithelium development","regulation of RNA biosynthetic process",NA,"posttranscriptional regulation of gene expression","cell motility","cell surface receptor signaling pathway",NA,NA,NA,NA,"regulation of localization",NA
"176",NA,NA,"positive regulation of dendrite morphogenesis",NA,"response to organic cyclic compound","localization of cell","protein folding",NA,NA,NA,NA,"positive regulation of nervous system development",NA
"177",NA,NA,"regulation of presynapse organization",NA,"insulin-like growth factor receptor signaling pathway","heart valve development","regulation of mRNA catabolic process",NA,NA,NA,NA,"organic hydroxy compound transport",NA
"178",NA,NA,"protein localization to postsynaptic membrane",NA,"lens fiber cell differentiation","regulation of postsynaptic specialization assembly","negative regulation of cellular metabolic process",NA,NA,NA,NA,"regulation of proteolysis",NA
"179",NA,NA,"developmental growth involved in morphogenesis",NA,"positive regulation of response to DNA damage stimulus","regulation of postsynapse assembly","negative regulation of Wnt signaling pathway",NA,NA,NA,NA,"modification of morphology or physiology of other organism",NA
"180",NA,NA,"heart development",NA,"cellular response to organic cyclic compound","positive regulation of endothelial cell chemotaxis","regulation of protein complex assembly",NA,NA,NA,NA,"regulation of DNA binding",NA
"181",NA,NA,"forebrain development",NA,"tube development","epithelial tube formation","regulation of secretion",NA,NA,NA,NA,"positive regulation of histone methylation",NA
"182",NA,NA,"heart morphogenesis",NA,"regulation of circadian rhythm","telencephalon cell migration","establishment of mitotic spindle orientation",NA,NA,NA,NA,"forelimb morphogenesis",NA
"183",NA,NA,"gland morphogenesis",NA,"regulation of cellular metabolic process","heart morphogenesis","ATP transport",NA,NA,NA,NA,"regulation of intrinsic apoptotic signaling pathway in response to DNA damage",NA
"184",NA,NA,"stem cell proliferation",NA,"macromolecule metabolic process","regulation of ion transmembrane transporter activity","regulation of endoplasmic reticulum unfolded protein response",NA,NA,NA,NA,"response to external stimulus",NA
"185",NA,NA,"positive regulation of cell projection organization",NA,"negative regulation of signal transduction","positive regulation of synapse assembly","positive regulation of transmembrane receptor protein serine/threonine kinase signaling pathway",NA,NA,NA,NA,"stem cell proliferation",NA
"186",NA,NA,"cell surface receptor signaling pathway",NA,"tube morphogenesis","neuronal stem cell division","actin cytoskeleton reorganization",NA,NA,NA,NA,"positive regulation of cell development",NA
"187",NA,NA,"dendrite development",NA,"system process","neuroblast division","transmembrane receptor protein serine/threonine kinase signaling pathway",NA,NA,NA,NA,"sensory organ development",NA
"188",NA,NA,"positive regulation of stem cell proliferation",NA,"glial cell development","regulation of excitatory synapse assembly","negative regulation of biological process",NA,NA,NA,NA,"regulation of osteoblast differentiation",NA
"189",NA,NA,"ossification",NA,"regulation of Wnt signaling pathway","regulation of postsynaptic density organization","positive regulation of BMP signaling pathway",NA,NA,NA,NA,"amyloid-beta formation",NA
"190",NA,NA,"connective tissue development",NA,"cellular response to estradiol stimulus","forebrain cell migration","positive regulation of chromosome segregation",NA,NA,NA,NA,"regulation of endothelial cell differentiation",NA
"191",NA,NA,"regulation of animal organ morphogenesis",NA,"response to monoamine","positive regulation of osteoblast differentiation","RNA splicing, via transesterification reactions with bulged adenosine as nucleophile",NA,NA,NA,NA,"regulation of amyloid precursor protein catabolic process",NA
"192",NA,NA,"regulation of myelination",NA,"response to catecholamine","positive regulation of cellular process","mRNA splicing, via spliceosome",NA,NA,NA,NA,"neuron apoptotic process",NA
"193",NA,NA,"digestive tract morphogenesis",NA,"eye development","forebrain generation of neurons","regulation of chromosome organization",NA,NA,NA,NA,"dendrite development",NA
"194",NA,NA,"sex differentiation",NA,"formation of primary germ layer","positive regulation of transferase activity","RNA splicing, via transesterification reactions",NA,NA,NA,NA,"negative regulation of angiogenesis",NA
"195",NA,NA,"heterophilic cell-cell adhesion via plasma membrane cell adhesion molecules",NA,"cellular response to peptide","appendage morphogenesis","cardiac atrium development",NA,NA,NA,NA,"regulation of cytoskeleton organization",NA
"196",NA,NA,"embryonic cranial skeleton morphogenesis",NA,"positive regulation of cell migration","limb morphogenesis","Wnt signaling pathway",NA,NA,NA,NA,"regulation of glycoprotein biosynthetic process",NA
"197",NA,NA,"transcription, DNA-templated",NA,"positive regulation of vascular smooth muscle cell proliferation","regulation of transmembrane transporter activity","cell-cell signaling by wnt",NA,NA,NA,NA,"genitalia development",NA
"198",NA,NA,"myelination",NA,"visual system development","cell surface receptor signaling pathway","regulation of phosphoprotein phosphatase activity",NA,NA,NA,NA,"plasma lipoprotein particle organization",NA
"199",NA,NA,"cell recognition",NA,"regulation of response to DNA damage stimulus","enzyme linked receptor protein signaling pathway","regulation of gastrulation",NA,NA,NA,NA,"negative regulation of catalytic activity",NA
"200",NA,NA,"mammary gland development",NA,"response to cytokine","morphogenesis of embryonic epithelium","adenine nucleotide transport",NA,NA,NA,NA,"endothelium development",NA
