"","GO.ID","term","definition","condition.genes_frequency","condition.pvalue","condition.-log10_pvalue","condition.Significant_genes","condition.Significant_genes_symbol"
"1","GO:0000902","cell morphogenesis","The developmental process in which the size or shape of a cell is generated and organized.","0.89% (9/1015)",0.003634573,2.44,"ENSG00000010810;ENSG00000035403;ENSG00000115904;ENSG00000127603;ENSG00000129116;ENSG00000137872;ENSG00000169398;ENSG00000182606;ENSG00000184349","FYN;VCL;SOS1;MACF1;PALLD;SEMA6D;PTK2;TRAK1;EFNA5"
"2","GO:0000904","cell morphogenesis involved in differentiation","The change in form (cell shape and size) that occurs when relatively unspecialized cells, e.g. embryonic or regenerative cells, acquire specialized structural and/or functional features that characterize the cells, tissues, or organs of the mature organism or some other relatively stable phase of the organism's life history.","1.22% (9/736)",0.0003810969,3.42,"ENSG00000010810;ENSG00000035403;ENSG00000115904;ENSG00000127603;ENSG00000129116;ENSG00000137872;ENSG00000169398;ENSG00000182606;ENSG00000184349","FYN;VCL;SOS1;MACF1;PALLD;SEMA6D;PTK2;TRAK1;EFNA5"
"3","GO:0001558","regulation of cell growth","Any process that modulates the frequency, rate, extent or direction of cell growth.","1.24% (5/403)",0.008084443,2.09,"ENSG00000127603;ENSG00000137872;ENSG00000138193;ENSG00000144560;ENSG00000184349","MACF1;SEMA6D;PLCE1;VGLL4;EFNA5"
"4","GO:0001667","ameboidal-type cell migration","Cell migration that is accomplished by extension and retraction of a pseudopodium.","1.19% (5/421)",0.009660285,2.02,"ENSG00000127603;ENSG00000137872;ENSG00000164171;ENSG00000169398;ENSG00000204138","MACF1;SEMA6D;ITGA2;PTK2;PHACTR4"
"5","GO:0001952","regulation of cell-matrix adhesion","Any process that modulates the frequency, rate or extent of attachment of a cell to the extracellular matrix.","3.33% (4/120)",0.0005204357,3.28,"ENSG00000035403;ENSG00000127603;ENSG00000169398;ENSG00000184349","VCL;MACF1;PTK2;EFNA5"
"6","GO:0003008","system process","A multicellular organismal process carried out by any of the organs or tissues in an organ system. An organ system is a regularly interacting or interdependent group of organs or tissues that work together to carry out a biological objective.","0.78% (13/1662)",0.001287328,2.89,"ENSG00000010810;ENSG00000035403;ENSG00000078369;ENSG00000122786;ENSG00000138193;ENSG00000140718;ENSG00000145362;ENSG00000164171;ENSG00000165895;ENSG00000169398;ENSG00000170579;ENSG00000171735;ENSG00000182674","FYN;VCL;GNB1;CALD1;PLCE1;FTO;ANK2;ITGA2;ARHGAP42;PTK2;DLGAP1;CAMTA1;KCNB2"
"7","GO:0003012","muscle system process","A organ system process carried out at the level of a muscle. Muscle tissue is composed of contractile cells or fibers.","1.95% (8/411)",3.498662e-05,4.46,"ENSG00000035403;ENSG00000122786;ENSG00000138193;ENSG00000145362;ENSG00000164171;ENSG00000165895;ENSG00000169398;ENSG00000182674","VCL;CALD1;PLCE1;ANK2;ITGA2;ARHGAP42;PTK2;KCNB2"
"8","GO:0003230","cardiac atrium development","The process whose specific outcome is the progression of a cardiac atrium over time, from its formation to the mature structure. A cardiac atrium receives blood from a vein and pumps it to a cardiac ventricle.","5.88% (2/34)",0.004996569,2.3,"ENSG00000115904;ENSG00000145362","SOS1;ANK2"
"9","GO:0006874","cellular calcium ion homeostasis","Any process involved in the maintenance of an internal steady state of calcium ions at the level of a cell.","1.26% (5/396)",0.007523419,2.12,"ENSG00000010810;ENSG00000078369;ENSG00000138193;ENSG00000145362;ENSG00000263001","FYN;GNB1;PLCE1;ANK2;GTF2I"
"10","GO:0006928","movement of cell or subcellular component","The directed, self-propelled movement of a cell or subcellular component without the involvement of an external agent such as a transporter or a pore.","0.7% (14/2004)",0.002387753,2.62,"ENSG00000010810;ENSG00000035403;ENSG00000047849;ENSG00000054282;ENSG00000115904;ENSG00000127603;ENSG00000129116;ENSG00000137872;ENSG00000145362;ENSG00000164171;ENSG00000169398;ENSG00000182606;ENSG00000184349;ENSG00000204138","FYN;VCL;MAP4;SDCCAG8;SOS1;MACF1;PALLD;SEMA6D;ANK2;ITGA2;PTK2;TRAK1;EFNA5;PHACTR4"
"11","GO:0006935","chemotaxis","The directed movement of a motile cell or organism, or the directed growth of a cell guided by a specific chemical concentration gradient. Movement may be towards a higher concentration (positive chemotaxis) or towards a lower concentration (negative chemotaxis).","1.22% (7/572)",0.001822029,2.74,"ENSG00000010810;ENSG00000115904;ENSG00000129116;ENSG00000137872;ENSG00000164171;ENSG00000169398;ENSG00000184349","FYN;SOS1;PALLD;SEMA6D;ITGA2;PTK2;EFNA5"
"12","GO:0006936","muscle contraction","A process in which force is generated within muscle tissue, resulting in a change in muscle geometry. Force generation involves a chemo-mechanical energy conversion step that is carried out by the actin/myosin complex activity, which generates force through ATP hydrolysis.","2.15% (7/325)",6.035736e-05,4.22,"ENSG00000035403;ENSG00000122786;ENSG00000138193;ENSG00000145362;ENSG00000164171;ENSG00000165895;ENSG00000182674","VCL;CALD1;PLCE1;ANK2;ITGA2;ARHGAP42;KCNB2"
"13","GO:0006937","regulation of muscle contraction","Any process that modulates the frequency, rate or extent of muscle contraction.","3.29% (5/152)",0.0001057562,3.98,"ENSG00000138193;ENSG00000145362;ENSG00000164171;ENSG00000165895;ENSG00000182674","PLCE1;ANK2;ITGA2;ARHGAP42;KCNB2"
"14","GO:0006939","smooth muscle contraction","A process in which force is generated within smooth muscle tissue, resulting in a change in muscle geometry. Force generation involves a chemo-mechanical energy conversion step that is carried out by the actin/myosin complex activity, which generates force through ATP hydrolysis. Smooth muscle differs from striated muscle in the much higher actin/myosin ratio, the absence of conspicuous sarcomeres and the ability to contract to a much smaller fraction of its resting length.","3.96% (4/101)",0.0002700839,3.57,"ENSG00000138193;ENSG00000164171;ENSG00000165895;ENSG00000182674","PLCE1;ITGA2;ARHGAP42;KCNB2"
"15","GO:0006940","regulation of smooth muscle contraction","Any process that modulates the frequency, rate or extent of smooth muscle contraction.","6.9% (4/58)",3.09495e-05,4.51,"ENSG00000138193;ENSG00000164171;ENSG00000165895;ENSG00000182674","PLCE1;ITGA2;ARHGAP42;KCNB2"
"16","GO:0007010","cytoskeleton organization","A process that is carried out at the cellular level which results in the assembly, arrangement of constituent parts, or disassembly of cytoskeletal structures.","0.74% (10/1358)",0.007958481,2.1,"ENSG00000047849;ENSG00000054282;ENSG00000114166;ENSG00000127603;ENSG00000129116;ENSG00000138193;ENSG00000145362;ENSG00000169398;ENSG00000184349;ENSG00000204138","MAP4;SDCCAG8;KAT2B;MACF1;PALLD;PLCE1;ANK2;PTK2;EFNA5;PHACTR4"
"17","GO:0007028","cytoplasm organization","A process that is carried out at the cellular level which results in the assembly, arrangement of constituent parts, or disassembly of the cytoplasm. The cytoplasm is all of the contents of a cell excluding the plasma membrane and nucleus, but including other subcellular structures.","20% (2/10)",0.0004203198,3.38,"ENSG00000115904;ENSG00000139083","SOS1;ETV6"
"18","GO:0007044","cell-substrate junction assembly","The aggregation, arrangement and bonding together of a set of components to form a junction between a cell and its substrate.","5.05% (5/99)",1.351908e-05,4.87,"ENSG00000035403;ENSG00000127603;ENSG00000164171;ENSG00000169398;ENSG00000184349","VCL;MACF1;ITGA2;PTK2;EFNA5"
"19","GO:0007045","cell-substrate adherens junction assembly","The aggregation, arrangement, and bonding together of a set of components to form a cell-substrate adherens junction.","6.02% (5/83)",5.695531e-06,5.24,"ENSG00000035403;ENSG00000127603;ENSG00000164171;ENSG00000169398;ENSG00000184349","VCL;MACF1;ITGA2;PTK2;EFNA5"
"20","GO:0007155","cell adhesion","The attachment of a cell, either to another cell or to an underlying substrate such as the extracellular matrix, via cell adhesion molecules.","0.82% (11/1348)",0.002372817,2.62,"ENSG00000010810;ENSG00000035403;ENSG00000114948;ENSG00000127603;ENSG00000129116;ENSG00000151276;ENSG00000164171;ENSG00000166689;ENSG00000169398;ENSG00000169851;ENSG00000184349","FYN;VCL;ADAM23;MACF1;PALLD;MAGI1;ITGA2;PLEKHA7;PTK2;PCDH7;EFNA5"
"21","GO:0007160","cell-matrix adhesion","The binding of a cell to the extracellular matrix via adhesion molecules.","2.27% (5/220)",0.0005858319,3.23,"ENSG00000035403;ENSG00000127603;ENSG00000164171;ENSG00000169398;ENSG00000184349","VCL;MACF1;ITGA2;PTK2;EFNA5"
"22","GO:0007173","epidermal growth factor receptor signaling pathway","A series of molecular signals initiated by binding of a ligand to the tyrosine kinase receptor EGFR (ERBB1) on the surface of a cell. The pathway ends with regulation of a downstream cellular process, e.g. transcription.","2.54% (3/118)",0.005880148,2.23,"ENSG00000115904;ENSG00000138193;ENSG00000169398","SOS1;PLCE1;PTK2"
"23","GO:0007229","integrin-mediated signaling pathway","A series of molecular signals initiated by the binding of extracellular ligand to an integrin on the surface of a target cell, and ending with regulation of a downstream cellular process, e.g. transcription.","2.75% (3/109)",0.004715848,2.33,"ENSG00000164171;ENSG00000169398;ENSG00000204138","ITGA2;PTK2;PHACTR4"
"24","GO:0007265","Ras protein signal transduction","A series of molecular signals within the cell that are mediated by a member of the Ras superfamily of proteins switching to a GTP-bound active state.","1.5% (5/334)",0.00368754,2.43,"ENSG00000078369;ENSG00000115904;ENSG00000138193;ENSG00000165895;ENSG00000204138","GNB1;SOS1;PLCE1;ARHGAP42;PHACTR4"
"25","GO:0007272","ensheathment of neurons","The process in which glial cells envelop neuronal cell bodies and/or axons to form an insulating layer. This can take the form of myelinating or non-myelinating ensheathment.","2.21% (3/136)",0.008688355,2.06,"ENSG00000112531;ENSG00000145362;ENSG00000172201","QKI;ANK2;ID4"
"26","GO:0007275","multicellular organism development","The biological process whose specific outcome is the progression of a multicellular organism over time from an initial condition (e.g. a zygote or a young adult) to a later condition (e.g. a multicellular animal or an aged adult).","0.54% (27/5030)",0.0005722925,3.24,"ENSG00000010810;ENSG00000035403;ENSG00000047849;ENSG00000054282;ENSG00000067082;ENSG00000078369;ENSG00000087494;ENSG00000112531;ENSG00000114166;ENSG00000114948;ENSG00000115904;ENSG00000127603;ENSG00000129116;ENSG00000137872;ENSG00000138193;ENSG00000139083;ENSG00000140718;ENSG00000144560;ENSG00000145362;ENSG00000164171;ENSG00000169398;ENSG00000172201;ENSG00000182606;ENSG00000184349;ENSG00000204138;ENSG00000244754;ENSG00000263001","FYN;VCL;MAP4;SDCCAG8;KLF6;GNB1;PTHLH;QKI;KAT2B;ADAM23;SOS1;MACF1;PALLD;SEMA6D;PLCE1;ETV6;FTO;VGLL4;ANK2;ITGA2;PTK2;ID4;TRAK1;EFNA5;PHACTR4;N4BP2L2;GTF2I"
"27","GO:0007399","nervous system development","The process whose specific outcome is the progression of nervous tissue over time, from its formation to its mature state.","0.73% (17/2332)",0.0004024337,3.4,"ENSG00000010810;ENSG00000035403;ENSG00000047849;ENSG00000054282;ENSG00000112531;ENSG00000114948;ENSG00000115904;ENSG00000127603;ENSG00000129116;ENSG00000137872;ENSG00000139083;ENSG00000145362;ENSG00000169398;ENSG00000172201;ENSG00000182606;ENSG00000184349;ENSG00000204138","FYN;VCL;MAP4;SDCCAG8;QKI;ADAM23;SOS1;MACF1;PALLD;SEMA6D;ETV6;ANK2;PTK2;ID4;TRAK1;EFNA5;PHACTR4"
"28","GO:0007409","axonogenesis","De novo generation of a long process of a neuron, including the terminal branched region. Refers to the morphogenesis or creation of shape or form of the developing axon, which carries efferent (outgoing) action potentials from the cell body towards target cells.","1.92% (9/469)",1.191298e-05,4.92,"ENSG00000010810;ENSG00000035403;ENSG00000115904;ENSG00000127603;ENSG00000129116;ENSG00000137872;ENSG00000169398;ENSG00000182606;ENSG00000184349","FYN;VCL;SOS1;MACF1;PALLD;SEMA6D;PTK2;TRAK1;EFNA5"
"29","GO:0007411","axon guidance","The chemotaxis process that directs the migration of an axon growth cone to a specific target site in response to a combination of attractive and repulsive cues.","2.22% (6/270)",0.0001798065,3.75,"ENSG00000010810;ENSG00000115904;ENSG00000129116;ENSG00000137872;ENSG00000169398;ENSG00000184349","FYN;SOS1;PALLD;SEMA6D;PTK2;EFNA5"
"30","GO:0007507","heart development","The process whose specific outcome is the progression of the heart over time, from its formation to the mature structure. The heart is a hollow, muscular organ, which, by contracting rhythmically, keeps up the circulation of the blood.","1.11% (6/539)",0.006246213,2.2,"ENSG00000114166;ENSG00000115904;ENSG00000138193;ENSG00000144560;ENSG00000145362;ENSG00000169398","KAT2B;SOS1;PLCE1;VGLL4;ANK2;PTK2"
"31","GO:0008283","cell proliferation","The multiplication or reproduction of cells, resulting in the expansion of a cell population.","0.67% (12/1791)",0.007390074,2.13,"ENSG00000010810;ENSG00000078369;ENSG00000087494;ENSG00000114166;ENSG00000115904;ENSG00000139083;ENSG00000140718;ENSG00000144560;ENSG00000164171;ENSG00000169398;ENSG00000172201;ENSG00000244754","FYN;GNB1;PTHLH;KAT2B;SOS1;ETV6;FTO;VGLL4;ITGA2;PTK2;ID4;N4BP2L2"
"32","GO:0008366","axon ensheathment","Any process in which the axon of a neuron is insulated, and that insulation maintained, thereby preventing dispersion of the electrical signal.","2.21% (3/136)",0.008688355,2.06,"ENSG00000112531;ENSG00000145362;ENSG00000172201","QKI;ANK2;ID4"
"33","GO:0009581","detection of external stimulus","The series of events in which an external stimulus is received by a cell and converted into a molecular signal.","3.05% (4/131)",0.0007240036,3.14,"ENSG00000010810;ENSG00000078369;ENSG00000164171;ENSG00000169398","FYN;GNB1;ITGA2;PTK2"
"34","GO:0009582","detection of abiotic stimulus","The series of events in which an (non-living) abiotic stimulus is received by a cell and converted into a molecular signal.","2.99% (4/134)",0.0007880822,3.1,"ENSG00000010810;ENSG00000078369;ENSG00000164171;ENSG00000169398","FYN;GNB1;ITGA2;PTK2"
"35","GO:0009653","anatomical structure morphogenesis","The process in which anatomical structures are generated and organized. Morphogenesis pertains to the creation of form.","0.62% (16/2590)",0.003828857,2.42,"ENSG00000010810;ENSG00000035403;ENSG00000054282;ENSG00000112531;ENSG00000115904;ENSG00000127603;ENSG00000129116;ENSG00000137872;ENSG00000145362;ENSG00000164171;ENSG00000169398;ENSG00000172201;ENSG00000182606;ENSG00000184349;ENSG00000204138;ENSG00000263001","FYN;VCL;SDCCAG8;QKI;SOS1;MACF1;PALLD;SEMA6D;ANK2;ITGA2;PTK2;ID4;TRAK1;EFNA5;PHACTR4;GTF2I"
"36","GO:0009893","positive regulation of metabolic process","Any process that activates or increases the frequency, rate or extent of the chemical reactions and pathways within a cell or an organism.","0.58% (20/3471)",0.002242788,2.65,"ENSG00000010810;ENSG00000067082;ENSG00000104852;ENSG00000112531;ENSG00000114166;ENSG00000135457;ENSG00000137073;ENSG00000138193;ENSG00000139083;ENSG00000140718;ENSG00000144560;ENSG00000145362;ENSG00000145687;ENSG00000164171;ENSG00000169398;ENSG00000171735;ENSG00000172201;ENSG00000184349;ENSG00000196284;ENSG00000263001","FYN;KLF6;SNRNP70;QKI;KAT2B;TFCP2;UBAP2;PLCE1;ETV6;FTO;VGLL4;ANK2;SSBP2;ITGA2;PTK2;CAMTA1;ID4;EFNA5;SUPT3H;GTF2I"
"37","GO:0010604","positive regulation of macromolecule metabolic process","Any process that increases the frequency, rate or extent of the chemical reactions and pathways involving macromolecules, any molecule of high relative molecular mass, the structure of which essentially comprises the multiple repetition of units derived, actually or conceptually, from molecules of low relative molecular mass.","0.63% (20/3177)",0.0007048709,3.15,"ENSG00000010810;ENSG00000067082;ENSG00000104852;ENSG00000112531;ENSG00000114166;ENSG00000135457;ENSG00000137073;ENSG00000138193;ENSG00000139083;ENSG00000140718;ENSG00000144560;ENSG00000145362;ENSG00000145687;ENSG00000164171;ENSG00000169398;ENSG00000171735;ENSG00000172201;ENSG00000184349;ENSG00000196284;ENSG00000263001","FYN;KLF6;SNRNP70;QKI;KAT2B;TFCP2;UBAP2;PLCE1;ETV6;FTO;VGLL4;ANK2;SSBP2;ITGA2;PTK2;CAMTA1;ID4;EFNA5;SUPT3H;GTF2I"
"38","GO:0010628","positive regulation of gene expression","Any process that increases the frequency, rate or extent of gene expression. Gene expression is the process in which a gene's coding sequence is converted into a mature gene product or products (proteins or RNA). This includes the production of an RNA transcript as well as any processing to produce a mature RNA product or an mRNA or circRNA (for protein-coding genes) and the translation of that mRNA or circRNA into protein. Protein maturation is included when required to form an active form of a product from an inactive precursor form.","0.73% (14/1931)",0.001672066,2.78,"ENSG00000067082;ENSG00000104852;ENSG00000112531;ENSG00000114166;ENSG00000135457;ENSG00000137073;ENSG00000139083;ENSG00000145362;ENSG00000145687;ENSG00000164171;ENSG00000171735;ENSG00000172201;ENSG00000196284;ENSG00000263001","KLF6;SNRNP70;QKI;KAT2B;TFCP2;UBAP2;ETV6;ANK2;SSBP2;ITGA2;CAMTA1;ID4;SUPT3H;GTF2I"
"39","GO:0010721","negative regulation of cell development","Any process that decreases the rate, frequency or extent of the progression of the cell over time, from its formation to the mature structure. Cell development does not include the steps involved in committing a cell to a specific fate.","1.58% (5/316)",0.002909015,2.54,"ENSG00000087494;ENSG00000137872;ENSG00000169398;ENSG00000172201;ENSG00000184349","PTHLH;SEMA6D;PTK2;ID4;EFNA5"
"40","GO:0010769","regulation of cell morphogenesis involved in differentiation","Any process that modulates the frequency, rate or extent of cell morphogenesis contributing to cell differentiation. Cell morphogenesis involved in differentiation is the change in form (cell shape and size) that occurs when relatively unspecialized cells acquire specialized structural and/or functional features that characterize the cells, tissues, or organs of the mature organism or some other relatively stable phase of the organism's life history.","1.63% (5/306)",0.002532197,2.6,"ENSG00000127603;ENSG00000137872;ENSG00000169398;ENSG00000182606;ENSG00000184349","MACF1;SEMA6D;PTK2;TRAK1;EFNA5"
"41","GO:0010771","negative regulation of cell morphogenesis involved in differentiation","Any process that decreases the frequency, rate or extent of cell morphogenesis contributing to cell differentiation. Cell morphogenesis involved in differentiation is the change in form (cell shape and size) that occurs when relatively unspecialized cells acquire specialized structural and/or functional features that characterize the cells, tissues, or organs of the mature organism or some other relatively stable phase of the organism's life history.","3% (3/100)",0.003703893,2.43,"ENSG00000137872;ENSG00000169398;ENSG00000184349","SEMA6D;PTK2;EFNA5"
"42","GO:0010810","regulation of cell-substrate adhesion","Any process that modulates the frequency, rate or extent of cell-substrate adhesion. Cell-substrate adhesion is the attachment of a cell to the underlying substrate via adhesion molecules.","1.92% (4/208)",0.003932229,2.41,"ENSG00000035403;ENSG00000127603;ENSG00000169398;ENSG00000184349","VCL;MACF1;PTK2;EFNA5"
"43","GO:0010975","regulation of neuron projection development","Any process that modulates the rate, frequency or extent of neuron projection development. Neuron projection development is the process whose specific outcome is the progression of a neuron projection over time, from its formation to the mature structure. A neuron projection is any process extending from a neural cell, such as axons or dendrites (collectively called neurites).","1.18% (6/507)",0.004653527,2.33,"ENSG00000010810;ENSG00000127603;ENSG00000137872;ENSG00000169398;ENSG00000182606;ENSG00000184349","FYN;MACF1;SEMA6D;PTK2;TRAK1;EFNA5"
"44","GO:0014911","positive regulation of smooth muscle cell migration","Any process that activates, maintains or increases the frequency, rate or extent of smooth muscle cell migration.","4.65% (2/43)",0.00790089,2.1,"ENSG00000137872;ENSG00000164171","SEMA6D;ITGA2"
"45","GO:0016049","cell growth","The process in which a cell irreversibly increases in size over time by accretion and biosynthetic production of matter similar to that already present.","1.28% (6/470)",0.003212162,2.49,"ENSG00000035403;ENSG00000127603;ENSG00000137872;ENSG00000138193;ENSG00000144560;ENSG00000184349","VCL;MACF1;SEMA6D;PLCE1;VGLL4;EFNA5"
"46","GO:0019932","second-messenger-mediated signaling","Any intracellular signal transduction in which the signal is passed on within the cell via a second messenger; a small molecule or ion that can be quickly generated or released from intracellular stores, and can diffuse within the cell. Second-messenger signaling includes production or release of the second messenger, and effectors downstream of the second messenger that further transmit the signal within the cell.","1.27% (5/395)",0.007445569,2.13,"ENSG00000078369;ENSG00000087494;ENSG00000138193;ENSG00000145362;ENSG00000171735","GNB1;PTHLH;PLCE1;ANK2;CAMTA1"
"47","GO:0022008","neurogenesis","Generation of cells within the nervous system.","0.81% (13/1611)",0.0009623148,3.02,"ENSG00000010810;ENSG00000035403;ENSG00000047849;ENSG00000054282;ENSG00000115904;ENSG00000127603;ENSG00000129116;ENSG00000137872;ENSG00000139083;ENSG00000169398;ENSG00000172201;ENSG00000182606;ENSG00000184349","FYN;VCL;MAP4;SDCCAG8;SOS1;MACF1;PALLD;SEMA6D;ETV6;PTK2;ID4;TRAK1;EFNA5"
"48","GO:0022604","regulation of cell morphogenesis","Any process that modulates the frequency, rate or extent of cell morphogenesis. Cell morphogenesis is the developmental process in which the shape of a cell is generated and organized.","1.23% (6/486)",0.0037868,2.42,"ENSG00000010810;ENSG00000127603;ENSG00000137872;ENSG00000169398;ENSG00000182606;ENSG00000184349","FYN;MACF1;SEMA6D;PTK2;TRAK1;EFNA5"
"49","GO:0022610","biological adhesion","The attachment of a cell or organism to a substrate, another cell, or other organism. Biological adhesion includes intracellular attachment between membrane regions.","0.81% (11/1353)",0.00244337,2.61,"ENSG00000010810;ENSG00000035403;ENSG00000114948;ENSG00000127603;ENSG00000129116;ENSG00000151276;ENSG00000164171;ENSG00000166689;ENSG00000169398;ENSG00000169851;ENSG00000184349","FYN;VCL;ADAM23;MACF1;PALLD;MAGI1;ITGA2;PLEKHA7;PTK2;PCDH7;EFNA5"
"50","GO:0030030","cell projection organization","A process that is carried out at the cellular level which results in the assembly, arrangement of constituent parts, or disassembly of a prolongation or process extending from a cell, e.g. a flagellum or axon.","0.84% (13/1547)",0.0006553244,3.18,"ENSG00000010810;ENSG00000035403;ENSG00000047849;ENSG00000054282;ENSG00000115904;ENSG00000127603;ENSG00000129116;ENSG00000137872;ENSG00000138193;ENSG00000164171;ENSG00000169398;ENSG00000182606;ENSG00000184349","FYN;VCL;MAP4;SDCCAG8;SOS1;MACF1;PALLD;SEMA6D;PLCE1;ITGA2;PTK2;TRAK1;EFNA5"
"51","GO:0030154","cell differentiation","The process in which relatively unspecialized cells, e.g. embryonic or regenerative cells, acquire specialized structural and/or functional features that characterize the cells, tissues, or organs of the mature organism or some other relatively stable phase of the organism's life history. Differentiation includes the processes involved in commitment of a cell to a specific fate and its subsequent development to the mature state.","0.57% (22/3846)",0.001254981,2.9,"ENSG00000010810;ENSG00000035403;ENSG00000047849;ENSG00000054282;ENSG00000067082;ENSG00000087494;ENSG00000112531;ENSG00000114166;ENSG00000115904;ENSG00000127603;ENSG00000129116;ENSG00000137872;ENSG00000139083;ENSG00000140718;ENSG00000145362;ENSG00000164171;ENSG00000169398;ENSG00000172201;ENSG00000182606;ENSG00000184349;ENSG00000204138;ENSG00000244754","FYN;VCL;MAP4;SDCCAG8;KLF6;PTHLH;QKI;KAT2B;SOS1;MACF1;PALLD;SEMA6D;ETV6;FTO;ANK2;ITGA2;PTK2;ID4;TRAK1;EFNA5;PHACTR4;N4BP2L2"
"52","GO:0030155","regulation of cell adhesion","Any process that modulates the frequency, rate or extent of attachment of a cell to another cell or to the extracellular matrix.","1.04% (7/672)",0.004476824,2.35,"ENSG00000010810;ENSG00000035403;ENSG00000127603;ENSG00000151276;ENSG00000164171;ENSG00000169398;ENSG00000184349","FYN;VCL;MACF1;MAGI1;ITGA2;PTK2;EFNA5"
"53","GO:0030182","neuron differentiation","The process in which a relatively unspecialized cell acquires specialized features of a neuron.","0.81% (11/1355)",0.002472068,2.61,"ENSG00000010810;ENSG00000035403;ENSG00000047849;ENSG00000115904;ENSG00000127603;ENSG00000129116;ENSG00000137872;ENSG00000169398;ENSG00000172201;ENSG00000182606;ENSG00000184349","FYN;VCL;MAP4;SOS1;MACF1;PALLD;SEMA6D;PTK2;ID4;TRAK1;EFNA5"
"54","GO:0031175","neuron projection development","The process whose specific outcome is the progression of a neuron projection over time, from its formation to the mature structure. A neuron projection is any process extending from a neural cell, such as axons or dendrites (collectively called neurites).","1.01% (10/986)",0.0007612891,3.12,"ENSG00000010810;ENSG00000035403;ENSG00000047849;ENSG00000115904;ENSG00000127603;ENSG00000129116;ENSG00000137872;ENSG00000169398;ENSG00000182606;ENSG00000184349","FYN;VCL;MAP4;SOS1;MACF1;PALLD;SEMA6D;PTK2;TRAK1;EFNA5"
"55","GO:0031325","positive regulation of cellular metabolic process","Any process that activates or increases the frequency, rate or extent of the chemical reactions and pathways by which individual cells transform chemical substances.","0.57% (18/3185)",0.005258104,2.28,"ENSG00000010810;ENSG00000067082;ENSG00000104852;ENSG00000114166;ENSG00000135457;ENSG00000137073;ENSG00000138193;ENSG00000139083;ENSG00000140718;ENSG00000144560;ENSG00000145687;ENSG00000164171;ENSG00000169398;ENSG00000171735;ENSG00000172201;ENSG00000184349;ENSG00000196284;ENSG00000263001","FYN;KLF6;SNRNP70;KAT2B;TFCP2;UBAP2;PLCE1;ETV6;FTO;VGLL4;SSBP2;ITGA2;PTK2;CAMTA1;ID4;EFNA5;SUPT3H;GTF2I"
"56","GO:0031344","regulation of cell projection organization","Any process that modulates the frequency, rate or extent of a process involved in the formation, arrangement of constituent parts, or disassembly of cell projections.","1.45% (10/691)",4.210786e-05,4.38,"ENSG00000010810;ENSG00000047849;ENSG00000054282;ENSG00000127603;ENSG00000137872;ENSG00000138193;ENSG00000164171;ENSG00000169398;ENSG00000182606;ENSG00000184349","FYN;MAP4;SDCCAG8;MACF1;SEMA6D;PLCE1;ITGA2;PTK2;TRAK1;EFNA5"
"57","GO:0031345","negative regulation of cell projection organization","Any process that stops, prevents, or reduces the frequency, rate or extent of a process involved in the formation, arrangement of constituent parts, or disassembly of cell projections.","2.15% (4/186)",0.002633583,2.58,"ENSG00000010810;ENSG00000047849;ENSG00000137872;ENSG00000169398","FYN;MAP4;SEMA6D;PTK2"
"58","GO:0031346","positive regulation of cell projection organization","Any process that activates or increases the frequency, rate or extent of the process involved in the formation, arrangement of constituent parts, or disassembly of cell projections.","1.57% (6/383)",0.001143997,2.94,"ENSG00000010810;ENSG00000127603;ENSG00000138193;ENSG00000164171;ENSG00000182606;ENSG00000184349","FYN;MACF1;PLCE1;ITGA2;TRAK1;EFNA5"
"59","GO:0031589","cell-substrate adhesion","The attachment of a cell to the underlying substrate via adhesion molecules.","1.44% (5/347)",0.004336204,2.36,"ENSG00000035403;ENSG00000127603;ENSG00000164171;ENSG00000169398;ENSG00000184349","VCL;MACF1;ITGA2;PTK2;EFNA5"
"60","GO:0032501","multicellular organismal process","Any biological process, occurring at the level of a multicellular organism, pertinent to its function.","0.48% (32/6648)",0.0007451718,3.13,"ENSG00000010810;ENSG00000035403;ENSG00000047849;ENSG00000054282;ENSG00000067082;ENSG00000078369;ENSG00000087494;ENSG00000112531;ENSG00000114166;ENSG00000114948;ENSG00000115904;ENSG00000122786;ENSG00000127603;ENSG00000129116;ENSG00000137872;ENSG00000138193;ENSG00000139083;ENSG00000140718;ENSG00000144560;ENSG00000145362;ENSG00000164171;ENSG00000165895;ENSG00000169398;ENSG00000170579;ENSG00000171735;ENSG00000172201;ENSG00000182606;ENSG00000182674;ENSG00000184349;ENSG00000204138;ENSG00000244754;ENSG00000263001","FYN;VCL;MAP4;SDCCAG8;KLF6;GNB1;PTHLH;QKI;KAT2B;ADAM23;SOS1;CALD1;MACF1;PALLD;SEMA6D;PLCE1;ETV6;FTO;VGLL4;ANK2;ITGA2;ARHGAP42;PTK2;DLGAP1;CAMTA1;ID4;TRAK1;KCNB2;EFNA5;PHACTR4;N4BP2L2;GTF2I"
"61","GO:0032502","developmental process","A biological process whose specific outcome is the progression of an integrated living unit: an anatomical structure (which may be a subcellular structure, cell, tissue, or organ), or organism over time from an initial condition to a later condition.","0.46% (27/5818)",0.006553562,2.18,"ENSG00000010810;ENSG00000035403;ENSG00000047849;ENSG00000054282;ENSG00000067082;ENSG00000078369;ENSG00000087494;ENSG00000112531;ENSG00000114166;ENSG00000114948;ENSG00000115904;ENSG00000127603;ENSG00000129116;ENSG00000137872;ENSG00000138193;ENSG00000139083;ENSG00000140718;ENSG00000144560;ENSG00000145362;ENSG00000164171;ENSG00000169398;ENSG00000172201;ENSG00000182606;ENSG00000184349;ENSG00000204138;ENSG00000244754;ENSG00000263001","FYN;VCL;MAP4;SDCCAG8;KLF6;GNB1;PTHLH;QKI;KAT2B;ADAM23;SOS1;MACF1;PALLD;SEMA6D;PLCE1;ETV6;FTO;VGLL4;ANK2;ITGA2;PTK2;ID4;TRAK1;EFNA5;PHACTR4;N4BP2L2;GTF2I"
"62","GO:0032870","cellular response to hormone stimulus","Any process that results in a change in state or activity of a cell (in terms of movement, secretion, enzyme production, gene expression, etc.) as a result of a hormone stimulus.","1.12% (7/624)",0.002975036,2.53,"ENSG00000010810;ENSG00000078369;ENSG00000114166;ENSG00000115904;ENSG00000164171;ENSG00000169398;ENSG00000184349","FYN;GNB1;KAT2B;SOS1;ITGA2;PTK2;EFNA5"
"63","GO:0032989","cellular component morphogenesis","The process in which cellular structures, including whole cells or cell parts, are generated and organized.","0.9% (10/1107)",0.001838489,2.74,"ENSG00000010810;ENSG00000035403;ENSG00000115904;ENSG00000127603;ENSG00000129116;ENSG00000137872;ENSG00000145362;ENSG00000169398;ENSG00000182606;ENSG00000184349","FYN;VCL;SOS1;MACF1;PALLD;SEMA6D;ANK2;PTK2;TRAK1;EFNA5"
"64","GO:0032990","cell part morphogenesis","The process in which the anatomical structures of a cell part are generated and organized.","1.3% (9/691)",0.00023903,3.62,"ENSG00000010810;ENSG00000035403;ENSG00000115904;ENSG00000127603;ENSG00000129116;ENSG00000137872;ENSG00000169398;ENSG00000182606;ENSG00000184349","FYN;VCL;SOS1;MACF1;PALLD;SEMA6D;PTK2;TRAK1;EFNA5"
"65","GO:0034329","cell junction assembly","A cellular process that results in the aggregation, arrangement and bonding together of a set of components to form a cell junction.","2.4% (6/250)",0.0001181918,3.93,"ENSG00000035403;ENSG00000127603;ENSG00000145362;ENSG00000164171;ENSG00000169398;ENSG00000184349","VCL;MACF1;ANK2;ITGA2;PTK2;EFNA5"
"66","GO:0034330","cell junction organization","A process that is carried out at the cellular level which results in the assembly, arrangement of constituent parts, or disassembly of a cell junction. A cell junction is a specialized region of connection between two cells or between a cell and the extracellular matrix.","2.26% (7/310)",4.476307e-05,4.35,"ENSG00000035403;ENSG00000127603;ENSG00000145362;ENSG00000164171;ENSG00000166689;ENSG00000169398;ENSG00000184349","VCL;MACF1;ANK2;ITGA2;PLEKHA7;PTK2;EFNA5"
"67","GO:0034332","adherens junction organization","A process that is carried out at the cellular level which results in the assembly, arrangement of constituent parts, or disassembly of an adherens junction. An adherens junction is a cell junction at which the cytoplasmic face of the plasma membrane is attached to actin filaments.","4% (6/150)",6.686097e-06,5.17,"ENSG00000035403;ENSG00000127603;ENSG00000164171;ENSG00000166689;ENSG00000169398;ENSG00000184349","VCL;MACF1;ITGA2;PLEKHA7;PTK2;EFNA5"
"68","GO:0034333","adherens junction assembly","The aggregation, arrangement and bonding together of a set of components to form an adherens junction. An adherens junction is a cell junction at which the cytoplasmic face of the plasma membrane is attached to actin filaments.","5.32% (5/94)",1.049637e-05,4.98,"ENSG00000035403;ENSG00000127603;ENSG00000164171;ENSG00000169398;ENSG00000184349","VCL;MACF1;ITGA2;PTK2;EFNA5"
"69","GO:0038083","peptidyl-tyrosine autophosphorylation","The phosphorylation by a protein of one or more of its own tyrosine amino acid residues, or a tyrosine residue on an identical protein.","5.13% (2/39)",0.006534858,2.18,"ENSG00000010810;ENSG00000169398","FYN;PTK2"
"70","GO:0038127","ERBB signaling pathway","A series of molecular signals initiated by binding of a ligand to a member of the ERBB family of receptor tyrosine kinases on the surface of a cell, and ending with regulation of a downstream cellular process, e.g. transcription.","2.16% (3/139)",0.009220632,2.04,"ENSG00000115904;ENSG00000138193;ENSG00000169398","SOS1;PLCE1;PTK2"
"71","GO:0040007","growth","The increase in size or mass of an entire organism, a part of an organism or a cell.","1.07% (10/934)",0.0004982096,3.3,"ENSG00000035403;ENSG00000115904;ENSG00000127603;ENSG00000137073;ENSG00000137872;ENSG00000138193;ENSG00000140718;ENSG00000144560;ENSG00000169398;ENSG00000184349","VCL;SOS1;MACF1;UBAP2;SEMA6D;PLCE1;FTO;VGLL4;PTK2;EFNA5"
"72","GO:0040008","regulation of growth","Any process that modulates the frequency, rate or extent of the growth of all or part of an organism so that it occurs at its proper speed, either globally or in a specific part of the organism's development.","1.23% (8/648)",0.0007881138,3.1,"ENSG00000127603;ENSG00000137073;ENSG00000137872;ENSG00000138193;ENSG00000140718;ENSG00000144560;ENSG00000169398;ENSG00000184349","MACF1;UBAP2;SEMA6D;PLCE1;FTO;VGLL4;PTK2;EFNA5"
"73","GO:0042060","wound healing","The series of events that restore integrity to a damaged tissue, following an injury.","1.13% (6/530)",0.005763012,2.24,"ENSG00000010810;ENSG00000035403;ENSG00000078369;ENSG00000127603;ENSG00000164171;ENSG00000169398","FYN;VCL;GNB1;MACF1;ITGA2;PTK2"
"74","GO:0042330","taxis","The directed movement of a motile cell or organism in response to an external stimulus.","1.22% (7/575)",0.001877108,2.73,"ENSG00000010810;ENSG00000115904;ENSG00000129116;ENSG00000137872;ENSG00000164171;ENSG00000169398;ENSG00000184349","FYN;SOS1;PALLD;SEMA6D;ITGA2;PTK2;EFNA5"
"75","GO:0042552","myelination","The process in which myelin sheaths are formed and maintained around neurons. Oligodendrocytes in the brain and spinal cord and Schwann cells in the peripheral nervous system wrap axons with compact layers of their plasma membrane. Adjacent myelin segments are separated by a non-myelinated stretch of axon called a node of Ranvier.","2.24% (3/134)",0.008343857,2.08,"ENSG00000112531;ENSG00000145362;ENSG00000172201","QKI;ANK2;ID4"
"76","GO:0044057","regulation of system process","Any process that modulates the frequency, rate or extent of a system process, a multicellular organismal process carried out by any of the organs or tissues in an organ system.","1.45% (8/552)",0.0002714059,3.57,"ENSG00000138193;ENSG00000140718;ENSG00000145362;ENSG00000164171;ENSG00000165895;ENSG00000169398;ENSG00000170579;ENSG00000182674","PLCE1;FTO;ANK2;ITGA2;ARHGAP42;PTK2;DLGAP1;KCNB2"
"77","GO:0044087","regulation of cellular component biogenesis","Any process that modulates the frequency, rate or extent of cellular component biogenesis, a process that results in the biosynthesis of constituent macromolecules, assembly, and arrangement of constituent parts of a cellular component.","0.83% (8/964)",0.009140876,2.04,"ENSG00000035403;ENSG00000047849;ENSG00000054282;ENSG00000114166;ENSG00000127603;ENSG00000138193;ENSG00000169398;ENSG00000184349","VCL;MAP4;SDCCAG8;KAT2B;MACF1;PLCE1;PTK2;EFNA5"
"78","GO:0045595","regulation of cell differentiation","Any process that modulates the frequency, rate or extent of cell differentiation, the process in which relatively unspecialized cells acquire specialized structural and functional features.","0.74% (13/1763)",0.002208592,2.66,"ENSG00000010810;ENSG00000035403;ENSG00000087494;ENSG00000114166;ENSG00000115904;ENSG00000127603;ENSG00000137872;ENSG00000140718;ENSG00000169398;ENSG00000172201;ENSG00000182606;ENSG00000184349;ENSG00000244754","FYN;VCL;PTHLH;KAT2B;SOS1;MACF1;SEMA6D;FTO;PTK2;ID4;TRAK1;EFNA5;N4BP2L2"
"79","GO:0045664","regulation of neuron differentiation","Any process that modulates the frequency, rate or extent of neuron differentiation.","1.08% (7/650)",0.00373005,2.43,"ENSG00000010810;ENSG00000127603;ENSG00000137872;ENSG00000169398;ENSG00000172201;ENSG00000182606;ENSG00000184349","FYN;MACF1;SEMA6D;PTK2;ID4;TRAK1;EFNA5"
"80","GO:0045926","negative regulation of growth","Any process that stops, prevents or reduces the rate or extent of growth, the increase in size or mass of all or part of an organism.","1.67% (4/239)",0.00641526,2.19,"ENSG00000137073;ENSG00000137872;ENSG00000144560;ENSG00000169398","UBAP2;SEMA6D;VGLL4;PTK2"
"81","GO:0045935","positive regulation of nucleobase-containing compound metabolic process","Any cellular process that activates or increases the frequency, rate or extent of the chemical reactions and pathways involving nucleobases, nucleosides, nucleotides and nucleic acids.","0.66% (12/1825)",0.008564012,2.07,"ENSG00000067082;ENSG00000104852;ENSG00000114166;ENSG00000135457;ENSG00000137073;ENSG00000139083;ENSG00000140718;ENSG00000145687;ENSG00000171735;ENSG00000172201;ENSG00000196284;ENSG00000263001","KLF6;SNRNP70;KAT2B;TFCP2;UBAP2;ETV6;FTO;SSBP2;CAMTA1;ID4;SUPT3H;GTF2I"
"82","GO:0046621","negative regulation of organ growth","Any process that stops, prevents, or reduces the frequency, rate or extent of growth of an organ of an organism.","5.26% (2/38)",0.006211996,2.21,"ENSG00000144560;ENSG00000169398","VGLL4;PTK2"
"83","GO:0048013","ephrin receptor signaling pathway","The series of molecular signals generated as a consequence of an ephrin receptor binding to an ephrin.","3.45% (3/87)",0.002497378,2.6,"ENSG00000010810;ENSG00000169398;ENSG00000184349","FYN;PTK2;EFNA5"
"84","GO:0048041","focal adhesion assembly","The aggregation and bonding together of a set of components to form a focal adhesion, a complex of intracellular signaling and structural proteins that provides a structural link between the internal actin cytoskeleton and the ECM, and also function as a locus of signal transduction activity.","6.02% (5/83)",5.695531e-06,5.24,"ENSG00000035403;ENSG00000127603;ENSG00000164171;ENSG00000169398;ENSG00000184349","VCL;MACF1;ITGA2;PTK2;EFNA5"
"85","GO:0048468","cell development","The process whose specific outcome is the progression of the cell over time, from its formation to the mature structure. Cell development does not include the steps involved in committing a cell to a specific fate.","0.72% (15/2069)",0.00107623,2.97,"ENSG00000010810;ENSG00000035403;ENSG00000047849;ENSG00000087494;ENSG00000112531;ENSG00000115904;ENSG00000127603;ENSG00000129116;ENSG00000137872;ENSG00000145362;ENSG00000169398;ENSG00000172201;ENSG00000182606;ENSG00000184349;ENSG00000204138","FYN;VCL;MAP4;PTHLH;QKI;SOS1;MACF1;PALLD;SEMA6D;ANK2;PTK2;ID4;TRAK1;EFNA5;PHACTR4"
"86","GO:0048513","animal organ development","Development of a tissue or tissues that work together to perform a specific function or functions. Development pertains to the process whose specific outcome is the progression of a structure over time, from its formation to the mature structure. Organs are commonly observed as visibly distinct structures, but may also exist as loosely associated clusters of cells that work together to perform a specific function or functions.","0.55% (18/3300)",0.007736151,2.11,"ENSG00000010810;ENSG00000067082;ENSG00000078369;ENSG00000087494;ENSG00000114166;ENSG00000115904;ENSG00000129116;ENSG00000137872;ENSG00000138193;ENSG00000139083;ENSG00000140718;ENSG00000144560;ENSG00000145362;ENSG00000164171;ENSG00000169398;ENSG00000172201;ENSG00000204138;ENSG00000244754","FYN;KLF6;GNB1;PTHLH;KAT2B;SOS1;PALLD;SEMA6D;PLCE1;ETV6;FTO;VGLL4;ANK2;ITGA2;PTK2;ID4;PHACTR4;N4BP2L2"
"87","GO:0048518","positive regulation of biological process","Any process that activates or increases the frequency, rate or extent of a biological process. Biological processes are regulated by many means; examples include the control of gene expression, protein modification or interaction with a protein or substrate molecule.","0.51% (29/5721)",0.0007877936,3.1,"ENSG00000010810;ENSG00000067082;ENSG00000087494;ENSG00000104852;ENSG00000112531;ENSG00000114166;ENSG00000115904;ENSG00000127603;ENSG00000135457;ENSG00000137073;ENSG00000137872;ENSG00000138193;ENSG00000139083;ENSG00000140718;ENSG00000144560;ENSG00000145362;ENSG00000145687;ENSG00000146197;ENSG00000151276;ENSG00000164171;ENSG00000169398;ENSG00000171735;ENSG00000172201;ENSG00000180998;ENSG00000182606;ENSG00000184349;ENSG00000196284;ENSG00000244754;ENSG00000263001","FYN;KLF6;PTHLH;SNRNP70;QKI;KAT2B;SOS1;MACF1;TFCP2;UBAP2;SEMA6D;PLCE1;ETV6;FTO;VGLL4;ANK2;SSBP2;SCUBE3;MAGI1;ITGA2;PTK2;CAMTA1;ID4;GPR137C;TRAK1;EFNA5;SUPT3H;N4BP2L2;GTF2I"
"88","GO:0048522","positive regulation of cellular process","Any process that activates or increases the frequency, rate or extent of a cellular process, any of those that are carried out at the cellular level, but are not necessarily restricted to a single cell. For example, cell communication occurs among more than one cell, but occurs at the cellular level.","0.53% (27/5077)",0.0006749653,3.17,"ENSG00000010810;ENSG00000067082;ENSG00000087494;ENSG00000104852;ENSG00000114166;ENSG00000115904;ENSG00000127603;ENSG00000135457;ENSG00000137073;ENSG00000137872;ENSG00000138193;ENSG00000139083;ENSG00000140718;ENSG00000144560;ENSG00000145362;ENSG00000145687;ENSG00000146197;ENSG00000164171;ENSG00000169398;ENSG00000171735;ENSG00000172201;ENSG00000180998;ENSG00000182606;ENSG00000184349;ENSG00000196284;ENSG00000244754;ENSG00000263001","FYN;KLF6;PTHLH;SNRNP70;KAT2B;SOS1;MACF1;TFCP2;UBAP2;SEMA6D;PLCE1;ETV6;FTO;VGLL4;ANK2;SSBP2;SCUBE3;ITGA2;PTK2;CAMTA1;ID4;GPR137C;TRAK1;EFNA5;SUPT3H;N4BP2L2;GTF2I"
"89","GO:0048588","developmental cell growth","The growth of a cell, where growth contributes to the progression of the cell over time from one condition to another.","1.78% (4/225)",0.005192687,2.28,"ENSG00000035403;ENSG00000127603;ENSG00000137872;ENSG00000184349","VCL;MACF1;SEMA6D;EFNA5"
"90","GO:0048589","developmental growth","The increase in size or mass of an entire organism, a part of an organism or a cell, where the increase in size or mass has the specific outcome of the progression of the organism over time from one condition to another.","1.26% (8/637)",0.00070461,3.15,"ENSG00000035403;ENSG00000115904;ENSG00000127603;ENSG00000137872;ENSG00000140718;ENSG00000144560;ENSG00000169398;ENSG00000184349","VCL;SOS1;MACF1;SEMA6D;FTO;VGLL4;PTK2;EFNA5"
"91","GO:0048638","regulation of developmental growth","Any process that modulates the frequency, rate or extent of developmental growth.","1.81% (6/332)",0.0005434222,3.26,"ENSG00000127603;ENSG00000137872;ENSG00000140718;ENSG00000144560;ENSG00000169398;ENSG00000184349","MACF1;SEMA6D;FTO;VGLL4;PTK2;EFNA5"
"92","GO:0048640","negative regulation of developmental growth","Any process that stops, prevents, or reduces the frequency, rate or extent of developmental growth.","2.65% (3/113)",0.005214141,2.28,"ENSG00000137872;ENSG00000144560;ENSG00000169398","SEMA6D;VGLL4;PTK2"
"93","GO:0048666","neuron development","The process whose specific outcome is the progression of a neuron over time, from initial commitment of the cell to a specific fate, to the fully functional differentiated cell.","0.9% (10/1116)",0.001952896,2.71,"ENSG00000010810;ENSG00000035403;ENSG00000047849;ENSG00000115904;ENSG00000127603;ENSG00000129116;ENSG00000137872;ENSG00000169398;ENSG00000182606;ENSG00000184349","FYN;VCL;MAP4;SOS1;MACF1;PALLD;SEMA6D;PTK2;TRAK1;EFNA5"
"94","GO:0048667","cell morphogenesis involved in neuron differentiation","The process in which the structures of a neuron are generated and organized. This process occurs while the initially relatively unspecialized cell is acquiring the specialized features of a neuron.","1.52% (9/593)",7.508551e-05,4.12,"ENSG00000010810;ENSG00000035403;ENSG00000115904;ENSG00000127603;ENSG00000129116;ENSG00000137872;ENSG00000169398;ENSG00000182606;ENSG00000184349","FYN;VCL;SOS1;MACF1;PALLD;SEMA6D;PTK2;TRAK1;EFNA5"
"95","GO:0048675","axon extension","Long distance growth of a single axon process involved in cellular development.","2.46% (3/122)",0.006448073,2.19,"ENSG00000035403;ENSG00000127603;ENSG00000137872","VCL;MACF1;SEMA6D"
"96","GO:0048699","generation of neurons","The process in which nerve cells are generated. This includes the production of neuroblasts and their differentiation into neurons.","0.8% (12/1509)",0.001800523,2.74,"ENSG00000010810;ENSG00000035403;ENSG00000047849;ENSG00000054282;ENSG00000115904;ENSG00000127603;ENSG00000129116;ENSG00000137872;ENSG00000169398;ENSG00000172201;ENSG00000182606;ENSG00000184349","FYN;VCL;MAP4;SDCCAG8;SOS1;MACF1;PALLD;SEMA6D;PTK2;ID4;TRAK1;EFNA5"
"97","GO:0048731","system development","The process whose specific outcome is the progression of an organismal system over time, from its formation to the mature structure. A system is a regularly interacting or interdependent group of organs or tissues that work together to carry out a given biological process.","0.6% (27/4537)",8.535492e-05,4.07,"ENSG00000010810;ENSG00000035403;ENSG00000047849;ENSG00000054282;ENSG00000067082;ENSG00000078369;ENSG00000087494;ENSG00000112531;ENSG00000114166;ENSG00000114948;ENSG00000115904;ENSG00000127603;ENSG00000129116;ENSG00000137872;ENSG00000138193;ENSG00000139083;ENSG00000140718;ENSG00000144560;ENSG00000145362;ENSG00000164171;ENSG00000169398;ENSG00000172201;ENSG00000182606;ENSG00000184349;ENSG00000204138;ENSG00000244754;ENSG00000263001","FYN;VCL;MAP4;SDCCAG8;KLF6;GNB1;PTHLH;QKI;KAT2B;ADAM23;SOS1;MACF1;PALLD;SEMA6D;PLCE1;ETV6;FTO;VGLL4;ANK2;ITGA2;PTK2;ID4;TRAK1;EFNA5;PHACTR4;N4BP2L2;GTF2I"
"98","GO:0048812","neuron projection morphogenesis","The process in which the anatomical structures of a neuron projection are generated and organized. A neuron projection is any process extending from a neural cell, such as axons or dendrites.","1.38% (9/654)",0.0001582528,3.8,"ENSG00000010810;ENSG00000035403;ENSG00000115904;ENSG00000127603;ENSG00000129116;ENSG00000137872;ENSG00000169398;ENSG00000182606;ENSG00000184349","FYN;VCL;SOS1;MACF1;PALLD;SEMA6D;PTK2;TRAK1;EFNA5"
"99","GO:0048856","anatomical structure development","The biological process whose specific outcome is the progression of an anatomical structure from an initial condition to its mature state. This process begins with the formation of the structure and ends with the mature structure, whatever form that may be including its natural destruction. An anatomical structure is any biological entity that occupies space and is distinguished from its surroundings. Anatomical structures can be macroscopic such as a carpel, or microscopic such as an acrosome.","0.49% (27/5458)",0.002338508,2.63,"ENSG00000010810;ENSG00000035403;ENSG00000047849;ENSG00000054282;ENSG00000067082;ENSG00000078369;ENSG00000087494;ENSG00000112531;ENSG00000114166;ENSG00000114948;ENSG00000115904;ENSG00000127603;ENSG00000129116;ENSG00000137872;ENSG00000138193;ENSG00000139083;ENSG00000140718;ENSG00000144560;ENSG00000145362;ENSG00000164171;ENSG00000169398;ENSG00000172201;ENSG00000182606;ENSG00000184349;ENSG00000204138;ENSG00000244754;ENSG00000263001","FYN;VCL;MAP4;SDCCAG8;KLF6;GNB1;PTHLH;QKI;KAT2B;ADAM23;SOS1;MACF1;PALLD;SEMA6D;PLCE1;ETV6;FTO;VGLL4;ANK2;ITGA2;PTK2;ID4;TRAK1;EFNA5;PHACTR4;N4BP2L2;GTF2I"
"100","GO:0048858","cell projection morphogenesis","The process in which the anatomical structures of a cell projection are generated and organized.","1.34% (9/672)",0.0001940813,3.71,"ENSG00000010810;ENSG00000035403;ENSG00000115904;ENSG00000127603;ENSG00000129116;ENSG00000137872;ENSG00000169398;ENSG00000182606;ENSG00000184349","FYN;VCL;SOS1;MACF1;PALLD;SEMA6D;PTK2;TRAK1;EFNA5"
"101","GO:0048869","cellular developmental process","A biological process whose specific outcome is the progression of a cell over time from an initial condition to a later condition.","0.55% (22/4016)",0.002297801,2.64,"ENSG00000010810;ENSG00000035403;ENSG00000047849;ENSG00000054282;ENSG00000067082;ENSG00000087494;ENSG00000112531;ENSG00000114166;ENSG00000115904;ENSG00000127603;ENSG00000129116;ENSG00000137872;ENSG00000139083;ENSG00000140718;ENSG00000145362;ENSG00000164171;ENSG00000169398;ENSG00000172201;ENSG00000182606;ENSG00000184349;ENSG00000204138;ENSG00000244754","FYN;VCL;MAP4;SDCCAG8;KLF6;PTHLH;QKI;KAT2B;SOS1;MACF1;PALLD;SEMA6D;ETV6;FTO;ANK2;ITGA2;PTK2;ID4;TRAK1;EFNA5;PHACTR4;N4BP2L2"
"102","GO:0050770","regulation of axonogenesis","Any process that modulates the frequency, rate or extent of axonogenesis, the generation of an axon, the long process of a neuron.","2.69% (5/186)",0.000271491,3.57,"ENSG00000127603;ENSG00000137872;ENSG00000169398;ENSG00000182606;ENSG00000184349","MACF1;SEMA6D;PTK2;TRAK1;EFNA5"
"103","GO:0050772","positive regulation of axonogenesis","Any process that activates or increases the frequency, rate or extent of axonogenesis.","3.49% (3/86)",0.002416503,2.62,"ENSG00000127603;ENSG00000182606;ENSG00000184349","MACF1;TRAK1;EFNA5"
"104","GO:0050793","regulation of developmental process","Any process that modulates the frequency, rate or extent of development, the biological process whose specific outcome is the progression of a multicellular organism over time from an initial condition (e.g. a zygote, or a young adult) to a later condition (e.g. a multicellular animal or an aged adult).","0.6% (15/2520)",0.007584741,2.12,"ENSG00000010810;ENSG00000035403;ENSG00000087494;ENSG00000114166;ENSG00000115904;ENSG00000127603;ENSG00000137872;ENSG00000140718;ENSG00000144560;ENSG00000169398;ENSG00000172201;ENSG00000182606;ENSG00000184349;ENSG00000244754;ENSG00000263001","FYN;VCL;PTHLH;KAT2B;SOS1;MACF1;SEMA6D;FTO;VGLL4;PTK2;ID4;TRAK1;EFNA5;N4BP2L2;GTF2I"
"105","GO:0050919","negative chemotaxis","The directed movement of a motile cell or organism towards a lower concentration of a chemical.","4.35% (2/46)",0.009002398,2.05,"ENSG00000137872;ENSG00000184349","SEMA6D;EFNA5"
"106","GO:0050966","detection of mechanical stimulus involved in sensory perception of pain","The series of events involved in the perception of pain in which a mechanical stimulus is received and converted into a molecular signal.","14.29% (2/14)",0.0008432546,3.07,"ENSG00000010810;ENSG00000164171","FYN;ITGA2"
"107","GO:0050974","detection of mechanical stimulus involved in sensory perception","The series of events in which a mechanical stimulus is received and converted into a molecular signal as part of sensory perception.","6.06% (2/33)",0.004711961,2.33,"ENSG00000010810;ENSG00000164171","FYN;ITGA2"
"108","GO:0050982","detection of mechanical stimulus","The series of events by which a mechanical stimulus is received and converted into a molecular signal.","6.12% (3/49)",0.0004715039,3.33,"ENSG00000010810;ENSG00000164171;ENSG00000169398","FYN;ITGA2;PTK2"
"109","GO:0051093","negative regulation of developmental process","Any process that stops, prevents or reduces the rate or extent of development, the biological process whose specific outcome is the progression of an organism over time from an initial condition (e.g. a zygote, or a young adult) to a later condition (e.g. a multicellular animal or an aged adult).","0.86% (8/927)",0.007282155,2.14,"ENSG00000087494;ENSG00000137872;ENSG00000144560;ENSG00000169398;ENSG00000172201;ENSG00000184349;ENSG00000244754;ENSG00000263001","PTHLH;SEMA6D;VGLL4;PTK2;ID4;EFNA5;N4BP2L2;GTF2I"
"110","GO:0051173","positive regulation of nitrogen compound metabolic process","Any process that activates or increases the frequency, rate or extent of the chemical reactions and pathways involving nitrogen or nitrogenous compounds.","0.6% (18/3024)",0.002933821,2.53,"ENSG00000010810;ENSG00000067082;ENSG00000104852;ENSG00000114166;ENSG00000135457;ENSG00000137073;ENSG00000138193;ENSG00000139083;ENSG00000140718;ENSG00000144560;ENSG00000145687;ENSG00000164171;ENSG00000169398;ENSG00000171735;ENSG00000172201;ENSG00000184349;ENSG00000196284;ENSG00000263001","FYN;KLF6;SNRNP70;KAT2B;TFCP2;UBAP2;PLCE1;ETV6;FTO;VGLL4;SSBP2;ITGA2;PTK2;CAMTA1;ID4;EFNA5;SUPT3H;GTF2I"
"111","GO:0051239","regulation of multicellular organismal process","Any process that modulates the frequency, rate or extent of a multicellular organismal process, the processes pertinent to the function of a multicellular organism above the cellular level; includes the integrated processes of tissues and organs.","0.69% (21/3062)",0.0001343211,3.87,"ENSG00000010810;ENSG00000035403;ENSG00000087494;ENSG00000114166;ENSG00000115904;ENSG00000127603;ENSG00000137872;ENSG00000138193;ENSG00000140718;ENSG00000144560;ENSG00000145362;ENSG00000164171;ENSG00000165895;ENSG00000169398;ENSG00000170579;ENSG00000172201;ENSG00000182606;ENSG00000182674;ENSG00000184349;ENSG00000244754;ENSG00000263001","FYN;VCL;PTHLH;KAT2B;SOS1;MACF1;SEMA6D;PLCE1;FTO;VGLL4;ANK2;ITGA2;ARHGAP42;PTK2;DLGAP1;ID4;TRAK1;KCNB2;EFNA5;N4BP2L2;GTF2I"
"112","GO:0051254","positive regulation of RNA metabolic process","Any process that activates or increases the frequency, rate or extent of the chemical reactions and pathways involving RNA.","0.74% (12/1626)",0.00338109,2.47,"ENSG00000067082;ENSG00000104852;ENSG00000114166;ENSG00000135457;ENSG00000137073;ENSG00000139083;ENSG00000140718;ENSG00000145687;ENSG00000171735;ENSG00000172201;ENSG00000196284;ENSG00000263001","KLF6;SNRNP70;KAT2B;TFCP2;UBAP2;ETV6;FTO;SSBP2;CAMTA1;ID4;SUPT3H;GTF2I"
"113","GO:0051480","regulation of cytosolic calcium ion concentration","Any process involved in the maintenance of an internal steady state of calcium ions within the cytosol of a cell or between the cytosol and its surroundings.","1.64% (5/305)",0.002496583,2.6,"ENSG00000010810;ENSG00000078369;ENSG00000138193;ENSG00000145362;ENSG00000263001","FYN;GNB1;PLCE1;ANK2;GTF2I"
"114","GO:0051893","regulation of focal adhesion assembly","Any process that modulates the frequency, rate or extent of focal adhesion formation, the establishment and maturation of focal adhesions.","6.35% (4/63)",4.296049e-05,4.37,"ENSG00000035403;ENSG00000127603;ENSG00000169398;ENSG00000184349","VCL;MACF1;PTK2;EFNA5"
"115","GO:0055074","calcium ion homeostasis","Any process involved in the maintenance of an internal steady state of calcium ions within an organism or cell.","1.23% (5/407)",0.00841784,2.07,"ENSG00000010810;ENSG00000078369;ENSG00000138193;ENSG00000145362;ENSG00000263001","FYN;GNB1;PLCE1;ANK2;GTF2I"
"116","GO:0060284","regulation of cell development","Any process that modulates the rate, frequency or extent of the progression of the cell over time, from its formation to the mature structure. Cell development does not include the steps involved in committing a cell to a specific fate.","0.98% (9/923)",0.001909797,2.72,"ENSG00000010810;ENSG00000035403;ENSG00000087494;ENSG00000127603;ENSG00000137872;ENSG00000169398;ENSG00000172201;ENSG00000182606;ENSG00000184349","FYN;VCL;PTHLH;MACF1;SEMA6D;PTK2;ID4;TRAK1;EFNA5"
"117","GO:0060560","developmental growth involved in morphogenesis","The increase in size or mass of an anatomical structure that contributes to the structure attaining its shape.","1.69% (4/237)",0.006229929,2.21,"ENSG00000035403;ENSG00000127603;ENSG00000137872;ENSG00000184349","VCL;MACF1;SEMA6D;EFNA5"
"118","GO:0061387","regulation of extent of cell growth","Any process that modulates the extent of cell growth.","2.7% (3/111)",0.004961197,2.3,"ENSG00000127603;ENSG00000137872;ENSG00000184349","MACF1;SEMA6D;EFNA5"
"119","GO:0061564","axon development","The progression of an axon over time. Covers axonogenesis (de novo generation of an axon) and axon regeneration (regrowth), as well as processes pertaining to the progression of the axon over time (fasciculation and defasciculation).","1.77% (9/509)",2.282883e-05,4.64,"ENSG00000010810;ENSG00000035403;ENSG00000115904;ENSG00000127603;ENSG00000129116;ENSG00000137872;ENSG00000169398;ENSG00000182606;ENSG00000184349","FYN;VCL;SOS1;MACF1;PALLD;SEMA6D;PTK2;TRAK1;EFNA5"
"120","GO:0071425","hematopoietic stem cell proliferation","The expansion of a hematopoietic stem cell population by cell division. A hematopoietic stem cell is a stem cell from which all cells of the lymphoid and myeloid lineages develop.","8% (2/25)",0.002719978,2.57,"ENSG00000139083;ENSG00000244754","ETV6;N4BP2L2"
"121","GO:0072089","stem cell proliferation","The multiplication or reproduction of stem cells, resulting in the expansion of a stem cell population. A stem cell is a cell that retains the ability to divide and proliferate throughout life to provide progenitor cells that can differentiate into specialized cells.","2.46% (3/122)",0.006448073,2.19,"ENSG00000139083;ENSG00000172201;ENSG00000244754","ETV6;ID4;N4BP2L2"
"122","GO:0090109","regulation of cell-substrate junction assembly","Any process that modulates the rate, frequency, or extent of cell-substrate junction assembly. Cell-substrate junction assembly is the aggregation, arrangement and bonding together of a set of components to form a junction between a cell and its substrate.","6.35% (4/63)",4.296049e-05,4.37,"ENSG00000035403;ENSG00000127603;ENSG00000169398;ENSG00000184349","VCL;MACF1;PTK2;EFNA5"
"123","GO:0090136","epithelial cell-cell adhesion","The attachment of an epithelial cell to another epithelial cell via adhesion molecules.","13.33% (2/15)",0.0009710566,3.01,"ENSG00000035403;ENSG00000166689","VCL;PLEKHA7"
"124","GO:0090257","regulation of muscle system process","Any process that modulates the frequency, rate or extent of a muscle system process, a multicellular organismal process carried out by any of the organs or tissues in a muscle system.","2.73% (6/220)",5.838425e-05,4.23,"ENSG00000138193;ENSG00000145362;ENSG00000164171;ENSG00000165895;ENSG00000169398;ENSG00000182674","PLCE1;ANK2;ITGA2;ARHGAP42;PTK2;KCNB2"
"125","GO:0097485","neuron projection guidance","The process in which the migration of a neuron projection is directed to a specific target site in response to a combination of attractive and repulsive cues.","2.21% (6/271)",0.0001834487,3.74,"ENSG00000010810;ENSG00000115904;ENSG00000129116;ENSG00000137872;ENSG00000169398;ENSG00000184349","FYN;SOS1;PALLD;SEMA6D;PTK2;EFNA5"
"126","GO:0098609","cell-cell adhesion","The attachment of one cell to another cell via adhesion molecules.","0.99% (8/811)",0.003267046,2.49,"ENSG00000010810;ENSG00000035403;ENSG00000129116;ENSG00000151276;ENSG00000166689;ENSG00000169398;ENSG00000169851;ENSG00000184349","FYN;VCL;PALLD;MAGI1;PLEKHA7;PTK2;PCDH7;EFNA5"
"127","GO:0120035","regulation of plasma membrane bounded cell projection organization","Any process that modulates the frequency, rate or extent of a process involved in the formation, arrangement of constituent parts, or disassembly of plasma membrane bounded cell projections.","1.32% (9/681)",0.0002143986,3.67,"ENSG00000010810;ENSG00000047849;ENSG00000054282;ENSG00000127603;ENSG00000137872;ENSG00000138193;ENSG00000169398;ENSG00000182606;ENSG00000184349","FYN;MAP4;SDCCAG8;MACF1;SEMA6D;PLCE1;PTK2;TRAK1;EFNA5"
"128","GO:0120036","plasma membrane bounded cell projection organization","A process that is carried out at the cellular level which results in the assembly, arrangement of constituent parts, or disassembly of a plasma membrane bounded prolongation or process extending from a cell, e.g. a cilium or axon.","0.8% (12/1508)",0.001790309,2.75,"ENSG00000010810;ENSG00000035403;ENSG00000047849;ENSG00000054282;ENSG00000115904;ENSG00000127603;ENSG00000129116;ENSG00000137872;ENSG00000138193;ENSG00000169398;ENSG00000182606;ENSG00000184349","FYN;VCL;MAP4;SDCCAG8;SOS1;MACF1;PALLD;SEMA6D;PLCE1;PTK2;TRAK1;EFNA5"
"129","GO:0120039","plasma membrane bounded cell projection morphogenesis","The process in which the anatomical structures of a plasma membrane bounded cell projection are generated and organized.","1.35% (9/668)",0.0001855834,3.73,"ENSG00000010810;ENSG00000035403;ENSG00000115904;ENSG00000127603;ENSG00000129116;ENSG00000137872;ENSG00000169398;ENSG00000182606;ENSG00000184349","FYN;VCL;SOS1;MACF1;PALLD;SEMA6D;PTK2;TRAK1;EFNA5"
"130","GO:1901888","regulation of cell junction assembly",NA,"4.17% (4/96)",0.000222258,3.65,"ENSG00000035403;ENSG00000127603;ENSG00000169398;ENSG00000184349","VCL;MACF1;PTK2;EFNA5"
"131","GO:1902116","negative regulation of organelle assembly",NA,"4.65% (2/43)",0.00790089,2.1,"ENSG00000047849;ENSG00000114166","MAP4;KAT2B"
"132","GO:1903391","regulation of adherens junction organization",NA,"5.63% (4/71)",6.881162e-05,4.16,"ENSG00000035403;ENSG00000127603;ENSG00000169398;ENSG00000184349","VCL;MACF1;PTK2;EFNA5"
"133","GO:1905809","negative regulation of synapse organization","Any process that stops, prevents or reduces the frequency, rate or extent of synapse organization.","8.33% (2/24)",0.002507342,2.6,"ENSG00000010810;ENSG00000169398","FYN;PTK2"
"134","GO:2000026","regulation of multicellular organismal development","Any process that modulates the frequency, rate or extent of multicellular organismal development.","0.69% (14/2022)",0.002599167,2.59,"ENSG00000010810;ENSG00000035403;ENSG00000087494;ENSG00000114166;ENSG00000115904;ENSG00000127603;ENSG00000137872;ENSG00000144560;ENSG00000169398;ENSG00000172201;ENSG00000182606;ENSG00000184349;ENSG00000244754;ENSG00000263001","FYN;VCL;PTHLH;KAT2B;SOS1;MACF1;SEMA6D;VGLL4;PTK2;ID4;TRAK1;EFNA5;N4BP2L2;GTF2I"
